time,open,high,low,close,tick_volume,spread,real_volume
2024-09-05 00:00:00,1.10808,1.10822,1.10777,1.10805,28,17,0
2024-09-05 00:05:00,1.10812,1.10826,1.10811,1.10822,36,13,0
2024-09-05 00:10:00,1.10823,1.10826,1.10818,1.10823,30,13,0
2024-09-05 00:15:00,1.10824,1.10828,1.10824,1.10828,7,8,0
2024-09-05 00:20:00,1.10808,1.10828,1.10807,1.10827,9,9,0
2024-09-05 00:25:00,1.10827,1.10828,1.10808,1.10828,8,10,0
2024-09-05 00:30:00,1.10828,1.10835,1.10823,1.10835,16,9,0
2024-09-05 00:35:00,1.10835,1.10835,1.10827,1.1083,9,7,0
2024-09-05 00:40:00,1.1083,1.1083,1.1083,1.1083,5,8,0
2024-09-05 00:45:00,1.1083,1.1083,1.1081,1.10824,14,4,0
2024-09-05 00:50:00,1.10824,1.10829,1.10824,1.10829,10,11,0
2024-09-05 00:55:00,1.10829,1.1083,1.10829,1.1083,6,9,0
2024-09-05 01:00:00,1.1083,1.10844,1.10827,1.10834,44,3,0
2024-09-05 01:05:00,1.10834,1.1086,1.10833,1.10837,53,3,0
2024-09-05 01:10:00,1.10837,1.1084,1.10835,1.10836,18,3,0
2024-09-05 01:15:00,1.10836,1.10846,1.10836,1.10845,34,4,0
2024-09-05 01:20:00,1.10845,1.10846,1.10839,1.10842,26,4,0
2024-09-05 01:25:00,1.10842,1.10842,1.10832,1.10834,28,4,0
2024-09-05 01:30:00,1.10835,1.1084100000000001,1.10834,1.10836,37,4,0
2024-09-05 01:35:00,1.10836,1.10842,1.10832,1.10835,41,4,0
2024-09-05 01:40:00,1.10834,1.10838,1.10832,1.10834,31,4,0
2024-09-05 01:45:00,1.10834,1.10837,1.10831,1.10831,34,5,0
2024-09-05 01:50:00,1.10831,1.10843,1.10826,1.10842,31,4,0
2024-09-05 01:55:00,1.10842,1.10849,1.1084100000000001,1.10849,29,5,0
2024-09-05 02:00:00,1.1085,1.10853,1.10836,1.10837,54,3,0
2024-09-05 02:05:00,1.10837,1.10837,1.1083,1.1083,35,4,0
2024-09-05 02:10:00,1.1083,1.1083,1.10818,1.10818,23,4,0
2024-09-05 02:15:00,1.10819,1.10819,1.10808,1.10811,44,4,0
2024-09-05 02:20:00,1.10811,1.10811,1.10802,1.10803,37,4,0
2024-09-05 02:25:00,1.10803,1.10817,1.10801,1.10815,54,4,0
2024-09-05 02:30:00,1.10813,1.10836,1.10813,1.10834,115,4,0
2024-09-05 02:35:00,1.10833,1.10846,1.10826,1.10835,89,4,0
2024-09-05 02:40:00,1.10836,1.10836,1.10821,1.10822,118,4,0
2024-09-05 02:45:00,1.10822,1.10825,1.10817,1.10817,58,4,0
2024-09-05 02:50:00,1.10817,1.10821,1.10809,1.10811,55,4,0
2024-09-05 02:55:00,1.10811,1.10812,1.1078999999999999,1.10801,87,4,0
2024-09-05 03:00:00,1.10801,1.10812,1.10795,1.10805,109,4,0
2024-09-05 03:05:00,1.10805,1.10808,1.10796,1.10805,94,4,0
2024-09-05 03:10:00,1.10805,1.10812,1.10796,1.108,99,4,0
2024-09-05 03:15:00,1.10801,1.10812,1.10801,1.10806,71,4,0
2024-09-05 03:20:00,1.10807,1.10818,1.10798,1.10807,93,4,0
2024-09-05 03:25:00,1.10807,1.10816,1.10792,1.10795,100,4,0
2024-09-05 03:30:00,1.10795,1.10795,1.10766,1.1077,74,4,0
2024-09-05 03:35:00,1.1077,1.10785,1.10756,1.10785,88,4,0
2024-09-05 03:40:00,1.10784,1.10801,1.10781,1.10786,110,4,0
2024-09-05 03:45:00,1.10786,1.10801,1.1078000000000001,1.10783,130,4,0
2024-09-05 03:50:00,1.10783,1.10789,1.10773,1.10786,143,4,0
2024-09-05 03:55:00,1.10787,1.108,1.10776,1.10791,112,3,0
2024-09-05 04:00:00,1.1078999999999999,1.10799,1.10781,1.10791,113,4,0
2024-09-05 04:05:00,1.10791,1.10808,1.10774,1.1078999999999999,119,4,0
2024-09-05 04:10:00,1.10791,1.10806,1.10783,1.10783,103,4,0
2024-09-05 04:15:00,1.10784,1.10817,1.10784,1.10808,151,5,0
2024-09-05 04:20:00,1.10809,1.10855,1.10809,1.10843,140,4,0
2024-09-05 04:25:00,1.1084100000000001,1.10846,1.10816,1.10816,130,4,0
2024-09-05 04:30:00,1.10817,1.10823,1.10799,1.10808,127,4,0
2024-09-05 04:35:00,1.10808,1.10821,1.10802,1.10817,166,4,0
2024-09-05 04:40:00,1.1082,1.10835,1.10816,1.10828,113,4,0
2024-09-05 04:45:00,1.10829,1.10838,1.10807,1.10808,108,4,0
2024-09-05 04:50:00,1.10807,1.10816,1.10798,1.10798,116,4,0
2024-09-05 04:55:00,1.10798,1.10803,1.10784,1.10788,98,4,0
2024-09-05 05:00:00,1.10788,1.108,1.10787,1.10791,90,4,0
2024-09-05 05:05:00,1.10791,1.10815,1.10782,1.10801,107,4,0
2024-09-05 05:10:00,1.10802,1.10808,1.10797,1.10801,73,4,0
2024-09-05 05:15:00,1.10801,1.10803,1.10794,1.10802,71,4,0
2024-09-05 05:20:00,1.10801,1.10813,1.10791,1.10792,80,4,0
2024-09-05 05:25:00,1.10792,1.10807,1.10788,1.10803,82,3,0
2024-09-05 05:30:00,1.10804,1.10825,1.10804,1.10824,67,4,0
2024-09-05 05:35:00,1.10825,1.10833,1.10816,1.1082,73,4,0
2024-09-05 05:40:00,1.1082,1.10827,1.10815,1.10827,87,3,0
2024-09-05 05:45:00,1.10826,1.10829,1.10807,1.10809,66,4,0
2024-09-05 05:50:00,1.1081,1.10812,1.10797,1.10797,70,4,0
2024-09-05 05:55:00,1.10797,1.10798,1.1078999999999999,1.10797,77,4,0
2024-09-05 06:00:00,1.10797,1.10797,1.10786,1.10787,47,4,0
2024-09-05 06:05:00,1.10787,1.10797,1.10779,1.10781,68,4,0
2024-09-05 06:10:00,1.10781,1.10782,1.10768,1.10771,87,4,0
2024-09-05 06:15:00,1.10771,1.10777,1.10761,1.10766,71,4,0
2024-09-05 06:20:00,1.10766,1.10776,1.10765,1.10775,43,4,0
2024-09-05 06:25:00,1.10775,1.10776,1.1077,1.10773,39,4,0
2024-09-05 06:30:00,1.10774,1.10785,1.10772,1.10781,52,4,0
2024-09-05 06:35:00,1.10781,1.10781,1.10765,1.10767,84,4,0
2024-09-05 06:40:00,1.10766,1.10771,1.10761,1.10771,59,4,0
2024-09-05 06:45:00,1.10771,1.10778,1.10765,1.10776,71,4,0
2024-09-05 06:50:00,1.10776,1.10776,1.10763,1.10766,40,4,0
2024-09-05 06:55:00,1.10766,1.10769,1.10763,1.10769,58,5,0
2024-09-05 07:00:00,1.1077,1.1077,1.10751,1.10752,54,4,0
2024-09-05 07:05:00,1.10752,1.10757,1.1075,1.10752,61,5,0
2024-09-05 07:10:00,1.10752,1.10755,1.10751,1.10752,59,4,0
2024-09-05 07:15:00,1.10752,1.10756,1.10746,1.10752,42,1,0
2024-09-05 07:20:00,1.10753,1.1076,1.10746,1.10747,56,4,0
2024-09-05 07:25:00,1.10747,1.10756,1.10747,1.10756,45,4,0
2024-09-05 07:30:00,1.10755,1.10757,1.10751,1.10755,37,4,0
2024-09-05 07:35:00,1.10755,1.10765,1.10753,1.10761,66,4,0
2024-09-05 07:40:00,1.10761,1.10772,1.10761,1.10772,70,4,0
2024-09-05 07:45:00,1.10772,1.10777,1.10763,1.10767,74,4,0
2024-09-05 07:50:00,1.10767,1.10772,1.1076,1.10761,56,4,0
2024-09-05 07:55:00,1.10761,1.10771,1.1076,1.10769,47,4,0
2024-09-05 08:00:00,1.10769,1.10782,1.10766,1.10769,60,4,0
2024-09-05 08:05:00,1.10769,1.10782,1.10769,1.10781,62,4,0
2024-09-05 08:10:00,1.10781,1.10788,1.10776,1.10781,55,4,0
2024-09-05 08:15:00,1.10781,1.10792,1.10776,1.1078000000000001,78,4,0
2024-09-05 08:20:00,1.1078000000000001,1.10786,1.1077,1.10783,54,4,0
2024-09-05 08:25:00,1.10783,1.10794,1.10777,1.10794,85,4,0
2024-09-05 08:30:00,1.10794,1.10795,1.10781,1.10793,80,4,0
2024-09-05 08:35:00,1.10793,1.10796,1.10787,1.1078999999999999,67,4,0
2024-09-05 08:40:00,1.10789,1.10801,1.10783,1.10794,76,4,0
2024-09-05 08:45:00,1.10794,1.108,1.10787,1.10796,68,4,0
2024-09-05 08:50:00,1.10796,1.108,1.10784,1.10792,74,4,0
2024-09-05 08:55:00,1.10792,1.10806,1.10789,1.108,87,4,0
2024-09-05 09:00:00,1.10801,1.10816,1.10796,1.10804,168,3,0
2024-09-05 09:05:00,1.10803,1.10822,1.10797,1.10822,141,4,0
2024-09-05 09:10:00,1.10823,1.10837,1.10823,1.10827,157,4,0
2024-09-05 09:15:00,1.10826,1.10853,1.10826,1.10837,120,3,0
2024-09-05 09:20:00,1.10837,1.1085,1.10824,1.10826,164,4,0
2024-09-05 09:25:00,1.10827,1.1084,1.10814,1.10834,182,4,0
2024-09-05 09:30:00,1.10835,1.10847,1.10826,1.10842,146,4,0
2024-09-05 09:35:00,1.10842,1.1085,1.10832,1.10846,128,4,0
2024-09-05 09:40:00,1.10846,1.10861,1.10846,1.10856,108,4,0
2024-09-05 09:45:00,1.10854,1.10881,1.10852,1.10868,123,3,0
2024-09-05 09:50:00,1.10869,1.10873,1.1084,1.10854,126,4,0
2024-09-05 09:55:00,1.10852,1.10859,1.10831,1.10836,163,4,0
2024-09-05 10:00:00,1.10833,1.10836,1.10803,1.10825,217,3,0
2024-09-05 10:05:00,1.10826,1.1083,1.10808,1.10826,179,4,0
2024-09-05 10:10:00,1.10826,1.10884,1.10823,1.10857,216,4,0
2024-09-05 10:15:00,1.10857,1.10891,1.10852,1.10859,220,4,0
2024-09-05 10:20:00,1.10859,1.10901,1.1084,1.10846,210,4,0
2024-09-05 10:25:00,1.10848,1.1086,1.10807,1.10825,207,4,0
2024-09-05 10:30:00,1.10826,1.10827,1.10796,1.10802,173,4,0
2024-09-05 10:35:00,1.10802,1.10845,1.108,1.10843,176,3,0
2024-09-05 10:40:00,1.10843,1.10852,1.1082,1.10827,178,4,0
2024-09-05 10:45:00,1.10829,1.1084,1.10816,1.10826,155,4,0
2024-09-05 10:50:00,1.10826,1.10865,1.10825,1.10856,152,4,0
2024-09-05 10:55:00,1.10855,1.10871,1.10838,1.1087,165,4,0
2024-09-05 11:00:00,1.1087,1.10887,1.10839,1.10885,203,4,0
2024-09-05 11:05:00,1.10885,1.10941,1.10879,1.1094,177,4,0
2024-09-05 11:10:00,1.10941,1.10942,1.10909,1.10925,209,4,0
2024-09-05 11:15:00,1.10925,1.10955,1.10922,1.10929,191,3,0
2024-09-05 11:20:00,1.10928,1.10942,1.10921,1.10942,171,4,0
2024-09-05 11:25:00,1.1095,1.11002,1.1095,1.10976,155,4,0
2024-09-05 11:30:00,1.10977,1.10979,1.10942,1.10946,164,3,0
2024-09-05 11:35:00,1.10945,1.10951,1.10914,1.10942,174,4,0
2024-09-05 11:40:00,1.10941,1.1097299999999999,1.10941,1.1096,165,4,0
2024-09-05 11:45:00,1.1096,1.10997,1.1096,1.10985,206,4,0
2024-09-05 11:50:00,1.10986,1.11001,1.10975,1.10997,146,4,0
2024-09-05 11:55:00,1.10997,1.10997,1.10966,1.10988,128,4,0
2024-09-05 12:00:00,1.10989,1.11002,1.10957,1.10987,176,4,0
2024-09-05 12:05:00,1.10988,1.10989,1.10961,1.10976,180,4,0
2024-09-05 12:10:00,1.10976,1.11003,1.10961,1.10985,166,4,0
2024-09-05 12:15:00,1.10995,1.10997,1.1097299999999999,1.10991,183,4,0
2024-09-05 12:20:00,1.1099,1.10991,1.10957,1.10972,172,4,0
2024-09-05 12:25:00,1.1097299999999999,1.10988,1.10969,1.10985,152,4,0
2024-09-05 12:30:00,1.10985,1.11,1.1097,1.1097,126,4,0
2024-09-05 12:35:00,1.1097,1.1097,1.10934,1.10944,144,4,0
2024-09-05 12:40:00,1.10941,1.10961,1.10938,1.10954,91,4,0
2024-09-05 12:45:00,1.10954,1.1096300000000001,1.10937,1.1096,134,4,0
2024-09-05 12:50:00,1.10958,1.10962,1.10944,1.10951,151,4,0
2024-09-05 12:55:00,1.10952,1.10964,1.10926,1.10945,157,4,0
2024-09-05 13:00:00,1.10946,1.10946,1.10921,1.10933,168,4,0
2024-09-05 13:05:00,1.10933,1.10934,1.10923,1.10928,149,4,0
2024-09-05 13:10:00,1.10928,1.10957,1.10924,1.10936,144,4,0
2024-09-05 13:15:00,1.10936,1.10965,1.10936,1.10961,134,4,0
2024-09-05 13:20:00,1.10961,1.10978,1.1095,1.10965,117,4,0
2024-09-05 13:25:00,1.10965,1.10966,1.10945,1.10953,138,4,0
2024-09-05 13:30:00,1.10955,1.10962,1.10947,1.10951,111,3,0
2024-09-05 13:35:00,1.10951,1.1096,1.1094,1.10956,122,4,0
2024-09-05 13:40:00,1.10957,1.1098,1.10946,1.10969,135,4,0
2024-09-05 13:45:00,1.10968,1.10983,1.10965,1.10983,108,4,0
2024-09-05 13:50:00,1.10983,1.10993,1.1098,1.1099,104,4,0
2024-09-05 13:55:00,1.10989,1.10995,1.10984,1.10988,100,4,0
2024-09-05 14:00:00,1.10987,1.11001,1.10981,1.10997,144,4,0
2024-09-05 14:05:00,1.10997,1.11004,1.10989,1.11003,77,4,0
2024-09-05 14:10:00,1.11003,1.11016,1.11001,1.11015,110,4,0
2024-09-05 14:15:00,1.11014,1.11032,1.11012,1.11027,133,4,0
2024-09-05 14:20:00,1.11026,1.11045,1.11022,1.11042,131,4,0
2024-09-05 14:25:00,1.11042,1.1108,1.11018,1.11078,160,4,0
2024-09-05 14:30:00,1.1108,1.11081,1.11045,1.11049,174,4,0
2024-09-05 14:35:00,1.11049,1.11053,1.11017,1.11021,138,3,0
2024-09-05 14:40:00,1.11021,1.11023,1.10984,1.10985,137,4,0
2024-09-05 14:45:00,1.10985,1.10992,1.10955,1.10962,177,4,0
2024-09-05 14:50:00,1.10962,1.10977,1.1095,1.10956,161,4,0
2024-09-05 14:55:00,1.10957,1.10961,1.10929,1.10949,167,4,0
2024-09-05 15:00:00,1.10952,1.10971,1.10952,1.10962,193,4,0
2024-09-05 15:05:00,1.10962,1.1097299999999999,1.10947,1.10966,164,4,0
2024-09-05 15:10:00,1.10966,1.11027,1.10959,1.11014,179,3,0
2024-09-05 15:15:00,1.11014,1.11145,1.11014,1.1114,413,3,0
2024-09-05 15:20:00,1.11137,1.11195,1.11136,1.1115,333,4,0
2024-09-05 15:25:00,1.1115,1.11151,1.11116,1.11144,258,4,0
2024-09-05 15:30:00,1.11119,1.11142,1.11051,1.11076,391,3,0
2024-09-05 15:35:00,1.11076,1.11119,1.11025,1.11046,382,4,0
2024-09-05 15:40:00,1.11047,1.11052,1.10995,1.11005,332,4,0
2024-09-05 15:45:00,1.11007,1.11007,1.1092,1.10923,344,4,0
2024-09-05 15:50:00,1.10923,1.10952,1.1087,1.10876,316,3,0
2024-09-05 15:55:00,1.10877,1.10944,1.10877,1.10922,280,3,0
2024-09-05 16:00:00,1.10924,1.10952,1.10905,1.10909,266,3,0
2024-09-05 16:05:00,1.10909,1.10965,1.10905,1.10954,282,4,0
2024-09-05 16:10:00,1.10952,1.10983,1.10944,1.10952,226,4,0
2024-09-05 16:15:00,1.10952,1.10997,1.10934,1.10989,272,4,0
2024-09-05 16:20:00,1.10987,1.11047,1.10979,1.11037,230,4,0
2024-09-05 16:25:00,1.11037,1.11066,1.11029,1.11062,235,3,0
2024-09-05 16:30:00,1.11061,1.11068,1.11011,1.11033,265,4,0
2024-09-05 16:35:00,1.11031,1.11081,1.11017,1.11025,301,3,0
2024-09-05 16:40:00,1.11025,1.11077,1.11019,1.11061,283,2,0
2024-09-05 16:45:00,1.11056,1.11075,1.11016,1.11021,337,3,0
2024-09-05 16:50:00,1.11018,1.1105,1.11004,1.11037,283,3,0
2024-09-05 16:55:00,1.11037,1.11066,1.11031,1.1105,223,3,0
2024-09-05 17:00:00,1.11037,1.11047,1.1084,1.10887,441,3,0
2024-09-05 17:05:00,1.10887,1.1091199999999999,1.10832,1.1086,368,3,0
2024-09-05 17:10:00,1.1086,1.1093,1.10846,1.10914,322,3,0
2024-09-05 17:15:00,1.10915,1.1097,1.10915,1.10946,335,3,0
2024-09-05 17:20:00,1.10951,1.10951,1.10856,1.10886,316,4,0
2024-09-05 17:25:00,1.10887,1.1091,1.10862,1.10867,302,4,0
2024-09-05 17:30:00,1.10868,1.10899,1.10849,1.10892,284,4,0
2024-09-05 17:35:00,1.10891,1.10901,1.10818,1.10827,245,3,0
2024-09-05 17:40:00,1.10827,1.10829,1.10775,1.10792,256,4,0
2024-09-05 17:45:00,1.10792,1.10857,1.10762,1.10845,317,4,0
2024-09-05 17:50:00,1.10846,1.10846,1.1078000000000001,1.10787,321,4,0
2024-09-05 17:55:00,1.10787,1.10808,1.10772,1.10794,283,4,0
2024-09-05 18:00:00,1.10795,1.1083,1.10779,1.1083,315,3,0
2024-09-05 18:05:00,1.1083,1.10838,1.10807,1.10807,254,4,0
2024-09-05 18:10:00,1.10807,1.1085099999999999,1.10807,1.1085,237,4,0
2024-09-05 18:15:00,1.10849,1.10881,1.10849,1.10876,199,4,0
2024-09-05 18:20:00,1.10875,1.10886,1.10838,1.10861,224,4,0
2024-09-05 18:25:00,1.1086,1.10876,1.10812,1.10813,253,4,0
2024-09-05 18:30:00,1.10814,1.10828,1.10803,1.10822,227,4,0
2024-09-05 18:35:00,1.10823,1.10861,1.10816,1.10843,236,4,0
2024-09-05 18:40:00,1.10845,1.10896,1.10843,1.10881,207,4,0
2024-09-05 18:45:00,1.10881,1.10916,1.1087,1.10914,224,3,0
2024-09-05 18:50:00,1.10913,1.10935,1.10908,1.10926,199,4,0
2024-09-05 18:55:00,1.10926,1.10956,1.10926,1.10951,213,3,0
2024-09-05 19:00:00,1.10954,1.11026,1.10953,1.11022,213,3,0
2024-09-05 19:05:00,1.11023,1.1102400000000001,1.10997,1.11,192,3,0
2024-09-05 19:10:00,1.11,1.11011,1.10959,1.10964,178,4,0
2024-09-05 19:15:00,1.10964,1.10997,1.10964,1.10995,151,4,0
2024-09-05 19:20:00,1.10995,1.11029,1.10979,1.11026,150,4,0
2024-09-05 19:25:00,1.11025,1.1103,1.11016,1.11023,132,3,0
2024-09-05 19:30:00,1.11023,1.11027,1.11,1.11011,155,3,0
2024-09-05 19:35:00,1.11012,1.11029,1.1101,1.11021,133,3,0
2024-09-05 19:40:00,1.11021,1.11052,1.11019,1.1102,125,4,0
2024-09-05 19:45:00,1.11019,1.11021,1.10991,1.10991,159,4,0
2024-09-05 19:50:00,1.10991,1.11015,1.1099,1.10996,139,4,0
2024-09-05 19:55:00,1.10996,1.11019,1.10994,1.11008,177,4,0
2024-09-05 20:00:00,1.11008,1.11027,1.10997,1.11011,174,3,0
2024-09-05 20:05:00,1.1101,1.1104,1.1101,1.11025,142,4,0
2024-09-05 20:10:00,1.11025,1.11058,1.11025,1.11055,108,4,0
2024-09-05 20:15:00,1.11055,1.11065,1.11045,1.1106,130,4,0
2024-09-05 20:20:00,1.1106,1.11062,1.11014,1.11027,125,4,0
2024-09-05 20:25:00,1.11027,1.11042,1.1101,1.11011,140,4,0
2024-09-05 20:30:00,1.11011,1.11022,1.11,1.11008,107,3,0
2024-09-05 20:35:00,1.11013,1.11026,1.10993,1.11025,114,4,0
2024-09-05 20:40:00,1.11025,1.11035,1.11019,1.1102400000000001,158,4,0
2024-09-05 20:45:00,1.1102400000000001,1.11032,1.11019,1.1102400000000001,142,4,0
2024-09-05 20:50:00,1.1102400000000001,1.11056,1.11017,1.11055,138,3,0
2024-09-05 20:55:00,1.11057,1.11071,1.11051,1.11066,144,4,0
2024-09-05 21:00:00,1.11069,1.11104,1.11069,1.11096,172,3,0
2024-09-05 21:05:00,1.1109499999999999,1.1112,1.1109499999999999,1.1112,136,3,0
2024-09-05 21:10:00,1.11121,1.11129,1.11102,1.11102,129,4,0
2024-09-05 21:15:00,1.11102,1.11104,1.11067,1.1108,157,4,0
2024-09-05 21:20:00,1.1108,1.11106,1.11077,1.11091,94,4,0
2024-09-05 21:25:00,1.11089,1.11101,1.1108,1.11081,119,4,0
2024-09-05 21:30:00,1.11083,1.11114,1.11082,1.1111,105,4,0
2024-09-05 21:35:00,1.1111,1.11112,1.11092,1.11092,101,4,0
2024-09-05 21:40:00,1.11092,1.11093,1.11065,1.11069,117,4,0
2024-09-05 21:45:00,1.11069,1.11073,1.11053,1.11068,103,4,0
2024-09-05 21:50:00,1.11068,1.11069,1.11036,1.11036,115,4,0
2024-09-05 21:55:00,1.11036,1.11045,1.11023,1.1104,169,4,0
2024-09-05 22:00:00,1.11041,1.11051,1.1103399999999999,1.11049,180,4,0
2024-09-05 22:05:00,1.11049,1.11061,1.11037,1.1104,133,4,0
2024-09-05 22:10:00,1.11041,1.11066,1.11039,1.1105,141,4,0
2024-09-05 22:15:00,1.1105,1.11052,1.11029,1.11045,159,4,0
2024-09-05 22:20:00,1.11043,1.11047,1.11039,1.11042,127,4,0
2024-09-05 22:25:00,1.11041,1.1105,1.11039,1.11047,144,4,0
2024-09-05 22:30:00,1.11047,1.11048,1.1103399999999999,1.11044,118,4,0
2024-09-05 22:35:00,1.11044,1.11053,1.11042,1.1105,82,4,0
2024-09-05 22:40:00,1.1105,1.11076,1.11047,1.11066,127,4,0
2024-09-05 22:45:00,1.11066,1.11073,1.11056,1.11059,109,4,0
2024-09-05 22:50:00,1.11059,1.11065,1.1104,1.11041,121,4,0
2024-09-05 22:55:00,1.1104,1.11044,1.11026,1.11035,149,3,0
2024-09-05 23:00:00,1.11039,1.1105,1.11038,1.11047,81,3,0
2024-09-05 23:05:00,1.11047,1.11064,1.11036,1.11064,80,3,0
2024-09-05 23:10:00,1.11064,1.11073,1.11063,1.11072,54,4,0
2024-09-05 23:15:00,1.11071,1.1108,1.1107,1.11079,57,4,0
2024-09-05 23:20:00,1.11079,1.1108500000000001,1.11072,1.1108500000000001,76,4,0
2024-09-05 23:25:00,1.1108500000000001,1.11109,1.11082,1.11098,59,4,0
2024-09-05 23:30:00,1.11099,1.11101,1.11096,1.11101,91,4,0
2024-09-05 23:35:00,1.111,1.11101,1.11098,1.11101,50,4,0
2024-09-05 23:40:00,1.11101,1.11109,1.1109499999999999,1.11109,43,3,0
2024-09-05 23:45:00,1.11109,1.1111,1.11098,1.11099,60,4,0
2024-09-05 23:50:00,1.11099,1.1111,1.11097,1.1111,70,5,0
2024-09-05 23:55:00,1.11105,1.11106,1.11084,1.11092,102,10,0
2024-09-06 00:00:00,1.1109,1.11098,1.11008,1.11078,28,15,0
2024-09-06 00:05:00,1.11081,1.11093,1.1108,1.1108500000000001,11,10,0
2024-09-06 00:10:00,1.11086,1.1109499999999999,1.11086,1.1109499999999999,32,13,0
2024-09-06 00:15:00,1.11096,1.11106,1.11096,1.11105,13,7,0
2024-09-06 00:20:00,1.11105,1.11105,1.11094,1.1109499999999999,13,4,0
2024-09-06 00:25:00,1.1109499999999999,1.11108,1.1109499999999999,1.11105,16,11,0
2024-09-06 00:30:00,1.11105,1.11105,1.11105,1.11105,5,14,0
2024-09-06 00:35:00,1.11105,1.11115,1.11104,1.11114,18,9,0
2024-09-06 00:40:00,1.11114,1.11114,1.11104,1.11112,14,10,0
2024-09-06 00:45:00,1.11112,1.11113,1.11101,1.11106,13,6,0
2024-09-06 00:50:00,1.11106,1.11106,1.1108,1.11082,50,13,0
2024-09-06 00:55:00,1.11082,1.11089,1.11081,1.11089,17,14,0
2024-09-06 01:00:00,1.11089,1.11106,1.1108500000000001,1.11103,36,5,0
2024-09-06 01:05:00,1.11103,1.11105,1.11103,1.11103,16,7,0
2024-09-06 01:10:00,1.11103,1.11105,1.11103,1.11103,15,7,0
2024-09-06 01:15:00,1.11104,1.11106,1.11104,1.11105,13,4,0
2024-09-06 01:20:00,1.11105,1.1111,1.11105,1.11106,28,4,0
2024-09-06 01:25:00,1.11106,1.11107,1.11098,1.11098,27,4,0
2024-09-06 01:30:00,1.11099,1.111,1.11096,1.11096,31,4,0
2024-09-06 01:35:00,1.11096,1.11099,1.11093,1.11096,33,4,0
2024-09-06 01:40:00,1.11096,1.11096,1.11089,1.11091,24,4,0
2024-09-06 01:45:00,1.11092,1.11092,1.11086,1.11091,44,4,0
2024-09-06 01:50:00,1.11091,1.11093,1.11086,1.11089,37,4,0
2024-09-06 01:55:00,1.11089,1.11094,1.1108500000000001,1.11094,26,4,0
2024-09-06 02:00:00,1.11096,1.11096,1.11093,1.11094,35,4,0
2024-09-06 02:05:00,1.11094,1.11105,1.11094,1.11105,56,4,0
2024-09-06 02:10:00,1.11105,1.11105,1.11096,1.111,24,4,0
2024-09-06 02:15:00,1.111,1.111,1.1109,1.1109,26,4,0
2024-09-06 02:20:00,1.1109,1.11092,1.1108500000000001,1.1109,26,4,0
2024-09-06 02:25:00,1.1109,1.11091,1.11086,1.11091,39,2,0
2024-09-06 02:30:00,1.1109,1.1109,1.11084,1.11089,41,4,0
2024-09-06 02:35:00,1.11088,1.11092,1.11086,1.11088,37,4,0
2024-09-06 02:40:00,1.11088,1.1112,1.11087,1.1112,51,4,0
2024-09-06 02:45:00,1.11117,1.11122,1.11105,1.11122,36,4,0
2024-09-06 02:50:00,1.11122,1.11122,1.11112,1.11112,33,4,0
2024-09-06 02:55:00,1.11112,1.11114,1.11106,1.1111,41,4,0
2024-09-06 03:00:00,1.1111,1.11118,1.11103,1.1111,83,4,0
2024-09-06 03:05:00,1.1111,1.11122,1.11102,1.11118,95,4,0
2024-09-06 03:10:00,1.11118,1.11123,1.111,1.1111,71,4,0
2024-09-06 03:15:00,1.11109,1.11112,1.11097,1.11104,97,4,0
2024-09-06 03:20:00,1.11105,1.11111,1.1109499999999999,1.111,64,4,0
2024-09-06 03:25:00,1.111,1.11112,1.111,1.11103,66,4,0
2024-09-06 03:30:00,1.11104,1.11117,1.11099,1.11117,70,4,0
2024-09-06 03:35:00,1.11117,1.11124,1.11109,1.11114,75,4,0
2024-09-06 03:40:00,1.11111,1.11117,1.11105,1.11105,81,4,0
2024-09-06 03:45:00,1.11105,1.11116,1.11096,1.11111,74,4,0
2024-09-06 03:50:00,1.11111,1.11142,1.11106,1.11142,132,4,0
2024-09-06 03:55:00,1.11141,1.11145,1.11132,1.11133,111,4,0
2024-09-06 04:00:00,1.11132,1.11139,1.11121,1.11122,95,4,0
2024-09-06 04:05:00,1.11122,1.11127,1.111,1.11107,104,4,0
2024-09-06 04:10:00,1.11106,1.11115,1.11098,1.111,66,4,0
2024-09-06 04:15:00,1.111,1.11117,1.11096,1.11115,72,4,0
2024-09-06 04:20:00,1.11114,1.11122,1.11111,1.11121,74,4,0
2024-09-06 04:25:00,1.11121,1.11137,1.11121,1.11121,65,4,0
2024-09-06 04:30:00,1.11122,1.11122,1.11101,1.11112,86,4,0
2024-09-06 04:35:00,1.11112,1.11121,1.11107,1.11112,72,4,0
2024-09-06 04:40:00,1.11112,1.11121,1.11109,1.11121,77,4,0
2024-09-06 04:45:00,1.11121,1.11132,1.11117,1.11122,79,2,0
2024-09-06 04:50:00,1.11122,1.11124,1.11105,1.11115,80,4,0
2024-09-06 04:55:00,1.11112,1.11115,1.111,1.11106,56,4,0
2024-09-06 05:00:00,1.11106,1.1111,1.11098,1.11106,70,4,0
2024-09-06 05:05:00,1.11105,1.11117,1.11099,1.11114,51,4,0
2024-09-06 05:10:00,1.11115,1.11117,1.11106,1.1111,95,4,0
2024-09-06 05:15:00,1.1111,1.11124,1.11109,1.11122,60,4,0
2024-09-06 05:20:00,1.11122,1.11122,1.11118,1.11121,50,4,0
2024-09-06 05:25:00,1.11121,1.11125,1.11119,1.11121,70,4,0
2024-09-06 05:30:00,1.1112,1.11125,1.11117,1.11123,79,3,0
2024-09-06 05:35:00,1.11124,1.11124,1.11096,1.11096,74,3,0
2024-09-06 05:40:00,1.11097,1.11111,1.11096,1.11107,62,4,0
2024-09-06 05:45:00,1.11107,1.1111,1.111,1.11101,58,4,0
2024-09-06 05:50:00,1.11099,1.11102,1.11092,1.11101,45,4,0
2024-09-06 05:55:00,1.111,1.11112,1.111,1.1111,67,4,0
2024-09-06 06:00:00,1.11111,1.11122,1.11107,1.11121,68,4,0
2024-09-06 06:05:00,1.11121,1.11128,1.11115,1.11128,55,4,0
2024-09-06 06:10:00,1.11128,1.11131,1.11124,1.11129,55,4,0
2024-09-06 06:15:00,1.11129,1.11136,1.11119,1.11136,47,4,0
2024-09-06 06:20:00,1.11136,1.1114,1.1113,1.1114,50,4,0
2024-09-06 06:25:00,1.11139,1.1114,1.11134,1.11135,47,4,0
2024-09-06 06:30:00,1.11135,1.11141,1.11133,1.11139,45,4,0
2024-09-06 06:35:00,1.11139,1.11156,1.11138,1.11144,82,4,0
2024-09-06 06:40:00,1.11144,1.11153,1.11144,1.11152,67,4,0
2024-09-06 06:45:00,1.11152,1.11157,1.11147,1.1115,68,4,0
2024-09-06 06:50:00,1.11149,1.11161,1.11143,1.11156,51,4,0
2024-09-06 06:55:00,1.11157,1.1116,1.11149,1.1115,51,4,0
2024-09-06 07:00:00,1.11151,1.11155,1.1114,1.1114,83,4,0
2024-09-06 07:05:00,1.1114,1.1114600000000001,1.11137,1.1114600000000001,64,4,0
2024-09-06 07:10:00,1.1114600000000001,1.1117,1.1114600000000001,1.11157,75,3,0
2024-09-06 07:15:00,1.1116,1.11162,1.11156,1.11159,78,4,0
2024-09-06 07:20:00,1.1116,1.11168,1.11156,1.11165,62,4,0
2024-09-06 07:25:00,1.11165,1.11167,1.11161,1.11166,54,4,0
2024-09-06 07:30:00,1.11166,1.1117,1.11152,1.11155,65,4,0
2024-09-06 07:35:00,1.11155,1.11158,1.11151,1.11152,56,4,0
2024-09-06 07:40:00,1.11152,1.11166,1.11152,1.11161,53,4,0
2024-09-06 07:45:00,1.11161,1.1117,1.11159,1.11169,70,4,0
2024-09-06 07:50:00,1.11169,1.11175,1.1116,1.11165,54,3,0
2024-09-06 07:55:00,1.11165,1.11166,1.11151,1.11158,74,4,0
2024-09-06 08:00:00,1.11158,1.11169,1.11154,1.11169,68,4,0
2024-09-06 08:05:00,1.11169,1.11185,1.11169,1.1118,67,4,0
2024-09-06 08:10:00,1.1118,1.11182,1.11176,1.11178,59,4,0
2024-09-06 08:15:00,1.11175,1.11177,1.11164,1.1117,63,4,0
2024-09-06 08:20:00,1.1117,1.1118,1.11165,1.11178,89,4,0
2024-09-06 08:25:00,1.11179,1.1118,1.11166,1.11168,78,5,0
2024-09-06 08:30:00,1.11168,1.11169,1.11148,1.11149,80,4,0
2024-09-06 08:35:00,1.11149,1.1115,1.11138,1.1115,101,4,0
2024-09-06 08:40:00,1.1115,1.11161,1.11144,1.11159,104,4,0
2024-09-06 08:45:00,1.11158,1.11159,1.11144,1.11155,101,4,0
2024-09-06 08:50:00,1.11154,1.11169,1.11149,1.11163,101,4,0
2024-09-06 08:55:00,1.11166,1.11173,1.11158,1.11168,120,4,0
2024-09-06 09:00:00,1.11167,1.11167,1.11143,1.11147,130,4,0
2024-09-06 09:05:00,1.11147,1.11179,1.11139,1.11176,161,4,0
2024-09-06 09:10:00,1.11176,1.11196,1.11171,1.11195,161,4,0
2024-09-06 09:15:00,1.11194,1.11197,1.11164,1.11171,140,4,0
2024-09-06 09:20:00,1.11171,1.11178,1.11164,1.11175,125,4,0
2024-09-06 09:25:00,1.11175,1.11183,1.1117,1.11175,128,4,0
2024-09-06 09:30:00,1.11173,1.11173,1.1115,1.11153,127,4,0
2024-09-06 09:35:00,1.11152,1.11179,1.1115,1.11166,135,4,0
2024-09-06 09:40:00,1.11166,1.11178,1.11162,1.11175,134,4,0
2024-09-06 09:45:00,1.11176,1.11182,1.1116,1.11171,97,4,0
2024-09-06 09:50:00,1.11167,1.11182,1.11158,1.11179,110,3,0
2024-09-06 09:55:00,1.11179,1.11208,1.11175,1.11206,109,4,0
2024-09-06 10:00:00,1.11206,1.11206,1.11183,1.11185,176,0,0
2024-09-06 10:05:00,1.11185,1.11203,1.11176,1.11193,205,4,0
2024-09-06 10:10:00,1.11193,1.11197,1.11176,1.11176,206,4,0
2024-09-06 10:15:00,1.11176,1.11184,1.11155,1.11158,225,4,0
2024-09-06 10:20:00,1.11158,1.11178,1.11145,1.11177,165,4,0
2024-09-06 10:25:00,1.11177,1.112,1.11171,1.11184,173,4,0
2024-09-06 10:30:00,1.11186,1.11187,1.11149,1.11158,175,4,0
2024-09-06 10:35:00,1.11157,1.11162,1.11108,1.11117,176,3,0
2024-09-06 10:40:00,1.11117,1.11141,1.1111,1.11122,213,4,0
2024-09-06 10:45:00,1.11121,1.11135,1.11107,1.11135,181,4,0
2024-09-06 10:50:00,1.11135,1.11148,1.11122,1.11145,163,4,0
2024-09-06 10:55:00,1.11145,1.11157,1.1113,1.11157,218,3,0
2024-09-06 11:00:00,1.11157,1.11186,1.11156,1.11176,238,3,0
2024-09-06 11:05:00,1.11175,1.11183,1.11143,1.11162,218,3,0
2024-09-06 11:10:00,1.11165,1.11167,1.11135,1.11142,158,4,0
2024-09-06 11:15:00,1.11138,1.11151,1.11131,1.11137,150,4,0
2024-09-06 11:20:00,1.11137,1.11156,1.11128,1.11156,149,4,0
2024-09-06 11:25:00,1.11155,1.11173,1.11155,1.11161,184,4,0
2024-09-06 11:30:00,1.1116,1.11181,1.11155,1.1116,156,4,0
2024-09-06 11:35:00,1.1116,1.11176,1.11152,1.1117,145,4,0
2024-09-06 11:40:00,1.11169,1.1118,1.11155,1.11165,171,4,0
2024-09-06 11:45:00,1.11165,1.11195,1.1115,1.11194,134,3,0
2024-09-06 11:50:00,1.11193,1.11205,1.11184,1.1118999999999999,135,4,0
2024-09-06 11:55:00,1.1118999999999999,1.11191,1.11171,1.11173,105,4,0
2024-09-06 12:00:00,1.11172,1.11172,1.11124,1.11124,130,4,0
2024-09-06 12:05:00,1.11124,1.11132,1.11109,1.11129,170,4,0
2024-09-06 12:10:00,1.11129,1.11131,1.11084,1.1108500000000001,147,3,0
2024-09-06 12:15:00,1.11086,1.11106,1.11081,1.11105,154,4,0
2024-09-06 12:20:00,1.11104,1.11117,1.1108500000000001,1.1109,155,4,0
2024-09-06 12:25:00,1.1109,1.11104,1.11074,1.11079,151,4,0
2024-09-06 12:30:00,1.11079,1.1111,1.11078,1.1108500000000001,136,4,0
2024-09-06 12:35:00,1.11084,1.11092,1.11074,1.11084,161,4,0
2024-09-06 12:40:00,1.11081,1.11087,1.11073,1.11086,120,4,0
2024-09-06 12:45:00,1.1108500000000001,1.1111,1.11079,1.11109,104,4,0
2024-09-06 12:50:00,1.11109,1.11127,1.11105,1.11114,126,4,0
2024-09-06 12:55:00,1.11114,1.11133,1.11109,1.11132,151,4,0
2024-09-06 13:00:00,1.11131,1.11134,1.11098,1.1111,137,3,0
2024-09-06 13:05:00,1.1111,1.11125,1.11108,1.11118,132,4,0
2024-09-06 13:10:00,1.11118,1.11129,1.11112,1.11125,124,3,0
2024-09-06 13:15:00,1.11125,1.11127,1.11073,1.11074,164,3,0
2024-09-06 13:20:00,1.11074,1.11089,1.11068,1.1108,102,4,0
2024-09-06 13:25:00,1.11082,1.1108500000000001,1.11068,1.11081,150,4,0
2024-09-06 13:30:00,1.11081,1.11099,1.11081,1.1109499999999999,141,4,0
2024-09-06 13:35:00,1.11096,1.11106,1.1108500000000001,1.11105,137,4,0
2024-09-06 13:40:00,1.11105,1.11105,1.11071,1.11093,119,4,0
2024-09-06 13:45:00,1.11094,1.11107,1.11088,1.111,95,4,0
2024-09-06 13:50:00,1.11101,1.11101,1.11077,1.11096,124,4,0
2024-09-06 13:55:00,1.11096,1.11101,1.11069,1.11073,136,4,0
2024-09-06 14:00:00,1.11073,1.11086,1.11063,1.11081,134,4,0
2024-09-06 14:05:00,1.11081,1.11097,1.11074,1.11086,120,3,0
2024-09-06 14:10:00,1.11086,1.11088,1.11054,1.11069,132,3,0
2024-09-06 14:15:00,1.11069,1.11081,1.11054,1.11068,152,4,0
2024-09-06 14:20:00,1.11067,1.11069,1.11047,1.11047,130,4,0
2024-09-06 14:25:00,1.11047,1.11063,1.11039,1.11056,146,4,0
2024-09-06 14:30:00,1.11056,1.11062,1.1104,1.11041,166,3,0
2024-09-06 14:35:00,1.11042,1.11052,1.11025,1.11051,145,4,0
2024-09-06 14:40:00,1.11051,1.11078,1.1105,1.11072,162,3,0
2024-09-06 14:45:00,1.11069,1.1108500000000001,1.11059,1.11065,190,4,0
2024-09-06 14:50:00,1.11067,1.11071,1.11056,1.11067,145,4,0
2024-09-06 14:55:00,1.11066,1.11082,1.11051,1.11069,209,3,0
2024-09-06 15:00:00,1.11071,1.11076,1.11059,1.11061,160,4,0
2024-09-06 15:05:00,1.11061,1.11071,1.11018,1.1102400000000001,215,4,0
2024-09-06 15:10:00,1.1102400000000001,1.11039,1.11007,1.11031,202,3,0
2024-09-06 15:15:00,1.11032,1.11042,1.11011,1.11039,173,4,0
2024-09-06 15:20:00,1.11039,1.11083,1.1103399999999999,1.1107,219,3,0
2024-09-06 15:25:00,1.11067,1.11104,1.11067,1.11075,230,3,0
2024-09-06 15:30:00,1.11076,1.11543,1.10799,1.11321,794,3,0
2024-09-06 15:35:00,1.11322,1.11467,1.1131,1.11366,514,3,0
2024-09-06 15:40:00,1.1137,1.11426,1.11323,1.11341,466,3,0
2024-09-06 15:45:00,1.11341,1.11358,1.11254,1.1131199999999999,467,3,0
2024-09-06 15:50:00,1.11318,1.11345,1.11204,1.11225,447,3,0
2024-09-06 15:55:00,1.1122,1.11262,1.11177,1.11208,450,3,0
2024-09-06 16:00:00,1.1120700000000001,1.11254,1.11151,1.11171,437,3,0
2024-09-06 16:05:00,1.11162,1.11195,1.11062,1.11075,457,3,0
2024-09-06 16:10:00,1.11079,1.11098,1.11028,1.11067,396,3,0
2024-09-06 16:15:00,1.11067,1.11082,1.10968,1.10975,370,3,0
2024-09-06 16:20:00,1.1097299999999999,1.11036,1.10935,1.11007,401,3,0
2024-09-06 16:25:00,1.11007,1.11007,1.10879,1.10952,380,3,0
2024-09-06 16:30:00,1.10951,1.11001,1.1093,1.10957,395,3,0
2024-09-06 16:35:00,1.10956,1.10974,1.10739,1.10759,439,3,0
2024-09-06 16:40:00,1.10759,1.10829,1.10736,1.10738,409,3,0
2024-09-06 16:45:00,1.10738,1.10738,1.10655,1.10665,417,3,0
2024-09-06 16:50:00,1.10665,1.10744,1.10665,1.1073,388,3,0
2024-09-06 16:55:00,1.10731,1.10833,1.1073,1.10831,334,3,0
2024-09-06 17:00:00,1.10832,1.10843,1.10778,1.10796,338,3,0
2024-09-06 17:05:00,1.10799,1.10808,1.10732,1.10759,367,3,0
2024-09-06 17:10:00,1.10762,1.10909,1.10762,1.10894,383,3,0
2024-09-06 17:15:00,1.10892,1.10906,1.10835,1.10904,305,3,0
2024-09-06 17:20:00,1.10906,1.10942,1.10852,1.10939,387,3,0
2024-09-06 17:25:00,1.10943,1.10958,1.10862,1.10871,364,3,0
2024-09-06 17:30:00,1.10869,1.10875,1.10814,1.1084,361,3,0
2024-09-06 17:35:00,1.10839,1.11043,1.10823,1.11039,400,3,0
2024-09-06 17:40:00,1.11041,1.1113,1.1103,1.11046,370,3,0
2024-09-06 17:45:00,1.1105,1.11101,1.1103399999999999,1.11084,379,3,0
2024-09-06 17:50:00,1.11094,1.11094,1.11004,1.1101,415,3,0
2024-09-06 17:55:00,1.11011,1.11035,1.10975,1.11016,356,4,0
2024-09-06 18:00:00,1.11019,1.11343,1.11014,1.11025,602,3,0
2024-09-06 18:05:00,1.11025,1.11026,1.10843,1.10858,475,3,0
2024-09-06 18:10:00,1.10869,1.11,1.10869,1.10966,444,3,0
2024-09-06 18:15:00,1.10965,1.11032,1.1095,1.1099,393,4,0
2024-09-06 18:20:00,1.10993,1.11051,1.1094,1.11029,434,4,0
2024-09-06 18:25:00,1.1104,1.11083,1.11015,1.11054,378,3,0
2024-09-06 18:30:00,1.11056,1.11059,1.10907,1.10955,416,3,0
2024-09-06 18:35:00,1.10947,1.1097299999999999,1.10892,1.10914,391,3,0
2024-09-06 18:40:00,1.10922,1.10958,1.10904,1.10914,319,4,0
2024-09-06 18:45:00,1.10921,1.1093,1.10869,1.10924,299,4,0
2024-09-06 18:50:00,1.10927,1.10938,1.1083,1.1085,302,3,0
2024-09-06 18:55:00,1.10852,1.10874,1.1084,1.10859,211,4,0
2024-09-06 19:00:00,1.10853,1.10854,1.10779,1.10805,266,4,0
2024-09-06 19:05:00,1.10805,1.10821,1.10768,1.10794,263,4,0
2024-09-06 19:10:00,1.10794,1.10794,1.10755,1.10755,216,4,0
2024-09-06 19:15:00,1.10757,1.10757,1.10709,1.10709,267,3,0
2024-09-06 19:20:00,1.1071,1.10745,1.10708,1.10739,260,4,0
2024-09-06 19:25:00,1.10743,1.10787,1.10743,1.10782,278,4,0
2024-09-06 19:30:00,1.10782,1.1081,1.10762,1.1077,254,3,0
2024-09-06 19:35:00,1.10769,1.10797,1.10757,1.10785,230,4,0
2024-09-06 19:40:00,1.10787,1.10791,1.10709,1.10725,249,3,0
2024-09-06 19:45:00,1.10724,1.1074,1.10696,1.10698,228,3,0
2024-09-06 19:50:00,1.10698,1.10761,1.10696,1.10756,232,4,0
2024-09-06 19:55:00,1.10756,1.10781,1.10733,1.10767,272,3,0
2024-09-06 20:00:00,1.10768,1.10768,1.10695,1.10726,258,4,0
2024-09-06 20:05:00,1.10726,1.10753,1.10697,1.10739,204,4,0
2024-09-06 20:10:00,1.10739,1.10803,1.10738,1.10796,198,3,0
2024-09-06 20:15:00,1.10797,1.10835,1.10797,1.10813,203,4,0
2024-09-06 20:20:00,1.10815,1.10875,1.10815,1.10875,248,4,0
2024-09-06 20:25:00,1.10875,1.10891,1.10864,1.10871,216,3,0
2024-09-06 20:30:00,1.1087,1.10872,1.10828,1.1084100000000001,194,4,0
2024-09-06 20:35:00,1.10842,1.10856,1.10816,1.10825,239,4,0
2024-09-06 20:40:00,1.10824,1.10861,1.10808,1.10825,197,4,0
2024-09-06 20:45:00,1.10826,1.10868,1.10809,1.10856,194,3,0
2024-09-06 20:50:00,1.10855,1.10859,1.10809,1.1081,178,4,0
2024-09-06 20:55:00,1.10802,1.10854,1.10802,1.10847,245,3,0
2024-09-06 21:00:00,1.10847,1.10867,1.10781,1.1078999999999999,273,3,0
2024-09-06 21:05:00,1.1078999999999999,1.10827,1.10786,1.10809,183,4,0
2024-09-06 21:10:00,1.10808,1.1083,1.10803,1.10825,198,4,0
2024-09-06 21:15:00,1.10825,1.10856,1.10816,1.10816,200,3,0
2024-09-06 21:20:00,1.10817,1.10836,1.10805,1.10822,174,4,0
2024-09-06 21:25:00,1.10822,1.10858,1.10819,1.10858,190,4,0
2024-09-06 21:30:00,1.10858,1.10866,1.10815,1.10817,167,4,0
2024-09-06 21:35:00,1.10817,1.10835,1.10798,1.10816,171,3,0
2024-09-06 21:40:00,1.10816,1.10828,1.10804,1.10823,188,4,0
2024-09-06 21:45:00,1.10823,1.10836,1.1082,1.1082,152,4,0
2024-09-06 21:50:00,1.10822,1.10842,1.10809,1.10842,173,4,0
2024-09-06 21:55:00,1.10842,1.10868,1.10838,1.1086,179,4,0
2024-09-06 22:00:00,1.10861,1.10862,1.10825,1.10843,204,4,0
2024-09-06 22:05:00,1.1084100000000001,1.10843,1.1082,1.10836,186,4,0
2024-09-06 22:10:00,1.10837,1.10854,1.10827,1.10854,176,4,0
2024-09-06 22:15:00,1.10854,1.10861,1.10839,1.10845,156,4,0
2024-09-06 22:20:00,1.10846,1.10877,1.10843,1.10876,137,4,0
2024-09-06 22:25:00,1.10876,1.10894,1.1087,1.10891,136,4,0
2024-09-06 22:30:00,1.10891,1.10893,1.10877,1.10879,131,3,0
2024-09-06 22:35:00,1.10879,1.10882,1.1086,1.10876,93,4,0
2024-09-06 22:40:00,1.10872,1.10881,1.10865,1.1087,101,4,0
2024-09-06 22:45:00,1.10869,1.1089,1.10859,1.1089,126,3,0
2024-09-06 22:50:00,1.10891,1.10891,1.10861,1.10871,150,3,0
2024-09-06 22:55:00,1.10873,1.10889,1.10871,1.10881,136,3,0
2024-09-06 23:00:00,1.10884,1.10884,1.10859,1.10878,142,3,0
2024-09-06 23:05:00,1.10877,1.10879,1.10872,1.10879,80,4,0
2024-09-06 23:10:00,1.10878,1.10878,1.10859,1.10868,134,4,0
2024-09-06 23:15:00,1.10867,1.10873,1.10861,1.10869,110,4,0
2024-09-06 23:20:00,1.1087,1.1088,1.10864,1.10879,76,4,0
2024-09-06 23:25:00,1.10879,1.10879,1.10869,1.10869,51,6,0
2024-09-06 23:30:00,1.10869,1.10872,1.1086,1.1086,81,4,0
2024-09-06 23:35:00,1.1086,1.10867,1.10844,1.10855,133,4,0
2024-09-06 23:40:00,1.10855,1.10859,1.1085,1.10853,62,4,0
2024-09-06 23:45:00,1.10854,1.10864,1.10853,1.10853,94,4,0
2024-09-06 23:50:00,1.10853,1.10865,1.10848,1.10859,143,3,0
2024-09-06 23:55:00,1.10846,1.10861,1.10844,1.1085,67,1,0
2024-09-09 00:00:00,1.10793,1.10804,1.10771,1.10796,13,52,0
2024-09-09 00:05:00,1.10796,1.10838,1.10796,1.10828,67,30,0
2024-09-09 00:10:00,1.10828,1.10828,1.10802,1.10817,44,25,0
2024-09-09 00:15:00,1.10838,1.10856,1.10835,1.10835,30,5,0
2024-09-09 00:20:00,1.10835,1.10839,1.10834,1.10836,34,24,0
2024-09-09 00:25:00,1.10838,1.10843,1.10827,1.10835,24,16,0
2024-09-09 00:30:00,1.10836,1.10836,1.10824,1.10831,12,15,0
2024-09-09 00:35:00,1.10831,1.10844,1.10825,1.10835,15,8,0
2024-09-09 00:40:00,1.10835,1.10835,1.10835,1.10835,5,19,0
2024-09-09 00:45:00,1.10835,1.10843,1.10825,1.10835,15,9,0
2024-09-09 00:50:00,1.10835,1.10835,1.10826,1.10833,15,9,0
2024-09-09 00:55:00,1.10833,1.10837,1.10833,1.10836,18,17,0
2024-09-09 01:00:00,1.10825,1.10869,1.10823,1.10869,140,8,0
2024-09-09 01:05:00,1.1087,1.10882,1.10864,1.10875,92,12,0
2024-09-09 01:10:00,1.10875,1.10881,1.10865,1.1087,42,6,0
2024-09-09 01:15:00,1.10877,1.10881,1.10866,1.1088,33,4,0
2024-09-09 01:20:00,1.1088,1.10884,1.1087,1.10878,82,4,0
2024-09-09 01:25:00,1.10879,1.10882,1.10871,1.10875,43,4,0
2024-09-09 01:30:00,1.10874,1.10898,1.10874,1.10896,73,3,0
2024-09-09 01:35:00,1.10896,1.10898,1.1089,1.10894,73,4,0
2024-09-09 01:40:00,1.10895,1.10901,1.10891,1.10892,69,4,0
2024-09-09 01:45:00,1.10891,1.10901,1.10891,1.10898,47,4,0
2024-09-09 01:50:00,1.10898,1.10905,1.10898,1.109,34,4,0
2024-09-09 01:55:00,1.109,1.109,1.10866,1.10866,75,4,0
2024-09-09 02:00:00,1.10869,1.10895,1.10869,1.10889,96,4,0
2024-09-09 02:05:00,1.10889,1.10891,1.10876,1.10885,97,4,0
2024-09-09 02:10:00,1.10886,1.10895,1.10884,1.10889,103,4,0
2024-09-09 02:15:00,1.10888,1.10901,1.10886,1.10894,89,4,0
2024-09-09 02:20:00,1.10894,1.10899,1.10887,1.10892,91,4,0
2024-09-09 02:25:00,1.10893,1.10903,1.10882,1.10901,97,4,0
2024-09-09 02:30:00,1.10901,1.10905,1.10894,1.10904,86,4,0
2024-09-09 02:35:00,1.10904,1.10905,1.10892,1.10894,73,4,0
2024-09-09 02:40:00,1.10894,1.10906,1.10893,1.10906,63,4,0
2024-09-09 02:45:00,1.10906,1.10909,1.1089,1.1089,68,4,0
2024-09-09 02:50:00,1.1089,1.10893,1.10874,1.10875,109,4,0
2024-09-09 02:55:00,1.10875,1.10875,1.10865,1.10866,169,4,0
2024-09-09 03:00:00,1.10866,1.1087,1.10849,1.10869,169,4,0
2024-09-09 03:05:00,1.10869,1.10893,1.10863,1.10872,123,3,0
2024-09-09 03:10:00,1.10872,1.10888,1.10861,1.10882,132,4,0
2024-09-09 03:15:00,1.10882,1.10898,1.10882,1.10896,110,4,0
2024-09-09 03:20:00,1.10896,1.10908,1.10872,1.10873,133,5,0
2024-09-09 03:25:00,1.10873,1.10877,1.10862,1.10864,134,5,0
2024-09-09 03:30:00,1.10863,1.10886,1.10857,1.10874,118,4,0
2024-09-09 03:35:00,1.10874,1.10877,1.10869,1.10869,81,5,0
2024-09-09 03:40:00,1.10869,1.10869,1.10846,1.10846,104,4,0
2024-09-09 03:45:00,1.10846,1.1085099999999999,1.10835,1.10842,118,4,0
2024-09-09 03:50:00,1.10842,1.10859,1.10842,1.10844,108,4,0
2024-09-09 03:55:00,1.10849,1.10853,1.10824,1.10832,123,3,0
2024-09-09 04:00:00,1.10832,1.10874,1.1083,1.10874,161,4,0
2024-09-09 04:05:00,1.10875,1.10909,1.1087,1.10906,154,4,0
2024-09-09 04:10:00,1.10907,1.10909,1.10889,1.10898,110,4,0
2024-09-09 04:15:00,1.10898,1.10901,1.10887,1.10899,137,4,0
2024-09-09 04:20:00,1.10899,1.1090200000000001,1.1086,1.10864,109,4,0
2024-09-09 04:25:00,1.10859,1.10875,1.10859,1.10872,121,4,0
2024-09-09 04:30:00,1.10873,1.10875,1.10834,1.10839,146,4,0
2024-09-09 04:35:00,1.10839,1.10858,1.10828,1.10857,154,4,0
2024-09-09 04:40:00,1.10857,1.10863,1.10833,1.10837,123,4,0
2024-09-09 04:45:00,1.10836,1.10849,1.10818,1.10823,108,4,0
2024-09-09 04:50:00,1.10823,1.10826,1.10811,1.10816,108,4,0
2024-09-09 04:55:00,1.10816,1.10829,1.10816,1.1082,141,4,0
2024-09-09 05:00:00,1.1082,1.10828,1.10811,1.10826,126,4,0
2024-09-09 05:05:00,1.10826,1.10827,1.10808,1.10814,88,4,0
2024-09-09 05:10:00,1.10814,1.10825,1.10808,1.10825,89,4,0
2024-09-09 05:15:00,1.10824,1.10824,1.10808,1.10816,80,4,0
2024-09-09 05:20:00,1.10815,1.10821,1.1081,1.1082,74,4,0
2024-09-09 05:25:00,1.1082,1.1082,1.10804,1.10815,96,4,0
2024-09-09 05:30:00,1.10813,1.10821,1.1081,1.10815,91,4,0
2024-09-09 05:35:00,1.10815,1.10831,1.10815,1.10831,95,4,0
2024-09-09 05:40:00,1.10831,1.10831,1.10812,1.10813,86,3,0
2024-09-09 05:45:00,1.10813,1.10819,1.1081,1.10818,48,3,0
2024-09-09 05:50:00,1.10818,1.10825,1.10813,1.10825,72,4,0
2024-09-09 05:55:00,1.10825,1.10826,1.10804,1.10806,76,4,0
2024-09-09 06:00:00,1.10806,1.10809,1.10801,1.10805,62,4,0
2024-09-09 06:05:00,1.10806,1.10806,1.10791,1.10805,103,4,0
2024-09-09 06:10:00,1.10804,1.10805,1.10787,1.10796,93,4,0
2024-09-09 06:15:00,1.10796,1.10803,1.10795,1.10795,73,4,0
2024-09-09 06:20:00,1.10795,1.10801,1.10794,1.10801,46,4,0
2024-09-09 06:25:00,1.10801,1.10814,1.10799,1.10812,70,4,0
2024-09-09 06:30:00,1.10812,1.10814,1.10807,1.1081,98,4,0
2024-09-09 06:35:00,1.10809,1.10809,1.10793,1.108,65,3,0
2024-09-09 06:40:00,1.10799,1.10811,1.10793,1.10795,77,4,0
2024-09-09 06:45:00,1.10794,1.108,1.10794,1.108,35,4,0
2024-09-09 06:50:00,1.108,1.10816,1.108,1.10806,102,4,0
2024-09-09 06:55:00,1.10806,1.10806,1.10788,1.10798,90,4,0
2024-09-09 07:00:00,1.10795,1.10801,1.10785,1.10801,83,4,0
2024-09-09 07:05:00,1.10801,1.10801,1.10789,1.10789,67,4,0
2024-09-09 07:10:00,1.10789,1.10797,1.10789,1.10791,86,4,0
2024-09-09 07:15:00,1.1078999999999999,1.10793,1.10784,1.10793,63,4,0
2024-09-09 07:20:00,1.10793,1.10802,1.10791,1.10793,67,4,0
2024-09-09 07:25:00,1.10793,1.10795,1.10789,1.10792,68,4,0
2024-09-09 07:30:00,1.10791,1.10798,1.10784,1.10784,89,4,0
2024-09-09 07:35:00,1.10784,1.10791,1.10765,1.10765,84,4,0
2024-09-09 07:40:00,1.10765,1.10765,1.10755,1.10761,66,4,0
2024-09-09 07:45:00,1.10761,1.10766,1.10757,1.10765,68,4,0
2024-09-09 07:50:00,1.10765,1.10766,1.10747,1.10749,116,4,0
2024-09-09 07:55:00,1.10749,1.10755,1.10745,1.10755,72,3,0
2024-09-09 08:00:00,1.10755,1.10757,1.10745,1.1075,96,4,0
2024-09-09 08:05:00,1.10751,1.10754,1.10741,1.10742,76,4,0
2024-09-09 08:10:00,1.10743,1.10746,1.10734,1.10744,67,4,0
2024-09-09 08:15:00,1.10744,1.10751,1.10741,1.10749,93,4,0
2024-09-09 08:20:00,1.1075,1.1075,1.1074,1.10749,84,4,0
2024-09-09 08:25:00,1.10749,1.1075,1.1072899999999999,1.1073,61,4,0
2024-09-09 08:30:00,1.1072899999999999,1.10735,1.10709,1.10718,58,4,0
2024-09-09 08:35:00,1.10718,1.10721,1.10708,1.1072,64,1,0
2024-09-09 08:40:00,1.1072,1.1072,1.10703,1.10711,105,4,0
2024-09-09 08:45:00,1.10709,1.10715,1.10703,1.10712,97,4,0
2024-09-09 08:50:00,1.10712,1.10713,1.10707,1.1071,77,4,0
2024-09-09 08:55:00,1.1071,1.10711,1.10688,1.10689,108,4,0
2024-09-09 09:00:00,1.10689,1.107,1.10675,1.107,185,4,0
2024-09-09 09:05:00,1.107,1.10717,1.10691,1.10699,162,4,0
2024-09-09 09:10:00,1.10699,1.10706,1.10687,1.10705,158,4,0
2024-09-09 09:15:00,1.10705,1.10707,1.10692,1.10704,171,4,0
2024-09-09 09:20:00,1.10704,1.10709,1.10672,1.10674,116,4,0
2024-09-09 09:25:00,1.10674,1.10676,1.10649,1.10673,165,3,0
2024-09-09 09:30:00,1.10674,1.10676,1.10653,1.10672,164,3,0
2024-09-09 09:35:00,1.10672,1.10686,1.1066,1.1068500000000001,172,4,0
2024-09-09 09:40:00,1.10684,1.10701,1.10683,1.10695,143,4,0
2024-09-09 09:45:00,1.10696,1.10698,1.10632,1.10639,154,4,0
2024-09-09 09:50:00,1.10639,1.10639,1.10604,1.10631,188,3,0
2024-09-09 09:55:00,1.10632,1.10653,1.1063,1.10645,188,4,0
2024-09-09 10:00:00,1.10647,1.10661,1.1055,1.10574,298,4,0
2024-09-09 10:05:00,1.10575,1.10603,1.10553,1.10564,234,3,0
2024-09-09 10:10:00,1.10564,1.10598,1.10554,1.10554,212,4,0
2024-09-09 10:15:00,1.10555,1.10594,1.10549,1.10578,209,3,0
2024-09-09 10:20:00,1.10578,1.10604,1.10575,1.1059,192,4,0
2024-09-09 10:25:00,1.1059,1.1062,1.10583,1.10591,221,3,0
2024-09-09 10:30:00,1.10591,1.10611,1.10571,1.10586,207,4,0
2024-09-09 10:35:00,1.10588,1.10602,1.10565,1.10581,207,4,0
2024-09-09 10:40:00,1.1058,1.1061,1.10574,1.10605,183,4,0
2024-09-09 10:45:00,1.10605,1.1062400000000001,1.10594,1.10616,191,4,0
2024-09-09 10:50:00,1.10615,1.10637,1.10608,1.10631,171,4,0
2024-09-09 10:55:00,1.10631,1.10637,1.10589,1.10591,180,4,0
2024-09-09 11:00:00,1.1059,1.10621,1.10588,1.10611,189,3,0
2024-09-09 11:05:00,1.10611,1.10623,1.10574,1.10575,164,3,0
2024-09-09 11:10:00,1.10574,1.10579,1.10544,1.10551,190,4,0
2024-09-09 11:15:00,1.10551,1.10551,1.10507,1.10509,189,4,0
2024-09-09 11:20:00,1.10504,1.10509,1.10461,1.10465,196,4,0
2024-09-09 11:25:00,1.10464,1.10487,1.10454,1.1048,217,4,0
2024-09-09 11:30:00,1.10479,1.10486,1.10465,1.1048499999999999,177,4,0
2024-09-09 11:35:00,1.10486,1.10498,1.10473,1.10476,137,4,0
2024-09-09 11:40:00,1.10476,1.10493,1.10471,1.10483,143,4,0
2024-09-09 11:45:00,1.10484,1.1051,1.10478,1.10506,184,3,0
2024-09-09 11:50:00,1.10506,1.1051,1.10479,1.10492,204,4,0
2024-09-09 11:55:00,1.10491,1.10511,1.10471,1.10474,208,3,0
2024-09-09 12:00:00,1.10474,1.10501,1.10455,1.105,203,4,0
2024-09-09 12:05:00,1.10501,1.10517,1.10492,1.10515,182,3,0
2024-09-09 12:10:00,1.10514,1.10535,1.10513,1.10525,142,4,0
2024-09-09 12:15:00,1.10524,1.10543,1.10523,1.1053,144,4,0
2024-09-09 12:20:00,1.10532,1.10533,1.10509,1.1053,142,4,0
2024-09-09 12:25:00,1.1053,1.10538,1.10524,1.10527,114,4,0
2024-09-09 12:30:00,1.10526,1.10552,1.10516,1.10545,147,4,0
2024-09-09 12:35:00,1.10543,1.10544,1.10515,1.10518,139,4,0
2024-09-09 12:40:00,1.10517,1.10579,1.10512,1.1057,204,3,0
2024-09-09 12:45:00,1.1057,1.10589,1.10562,1.10582,148,3,0
2024-09-09 12:50:00,1.10582,1.10582,1.10556,1.10575,134,3,0
2024-09-09 12:55:00,1.10575,1.10578,1.10561,1.10561,172,4,0
2024-09-09 13:00:00,1.1056,1.10565,1.10535,1.10536,139,4,0
2024-09-09 13:05:00,1.10534,1.10535,1.10476,1.1049,124,4,0
2024-09-09 13:10:00,1.1049,1.10497,1.10474,1.1048499999999999,127,3,0
2024-09-09 13:15:00,1.10482,1.10493,1.10454,1.10458,121,4,0
2024-09-09 13:20:00,1.10458,1.10462,1.10433,1.10446,161,3,0
2024-09-09 13:25:00,1.10445,1.10448,1.10418,1.10422,150,4,0
2024-09-09 13:30:00,1.1042,1.10421,1.10407,1.1041,133,4,0
2024-09-09 13:35:00,1.1041,1.10412,1.10368,1.10397,169,4,0
2024-09-09 13:40:00,1.10397,1.10398,1.1037,1.10393,147,4,0
2024-09-09 13:45:00,1.10391,1.10418,1.1039,1.104,145,4,0
2024-09-09 13:50:00,1.104,1.10411,1.1038000000000001,1.1041,154,4,0
2024-09-09 13:55:00,1.1041,1.1042399999999999,1.104,1.104,163,4,0
2024-09-09 14:00:00,1.104,1.10423,1.104,1.10417,127,3,0
2024-09-09 14:05:00,1.10418,1.10445,1.10414,1.1044,131,4,0
2024-09-09 14:10:00,1.1044,1.10448,1.10435,1.1044,113,4,0
2024-09-09 14:15:00,1.10437,1.10442,1.1042399999999999,1.10425,114,4,0
2024-09-09 14:20:00,1.10422,1.10422,1.10394,1.10395,109,4,0
2024-09-09 14:25:00,1.10395,1.10396,1.10379,1.10382,134,4,0
2024-09-09 14:30:00,1.10381,1.10396,1.10356,1.10386,183,4,0
2024-09-09 14:35:00,1.10387,1.10434,1.10387,1.10427,172,3,0
2024-09-09 14:40:00,1.10429,1.10429,1.10403,1.10419,133,4,0
2024-09-09 14:45:00,1.10419,1.1042399999999999,1.10398,1.10419,138,4,0
2024-09-09 14:50:00,1.1042,1.10439,1.1042,1.10423,160,4,0
2024-09-09 14:55:00,1.10423,1.10448,1.10423,1.10447,191,3,0
2024-09-09 15:00:00,1.10442,1.10445,1.10414,1.10419,195,4,0
2024-09-09 15:05:00,1.10419,1.10439,1.10418,1.10429,189,4,0
2024-09-09 15:10:00,1.10427,1.10435,1.10403,1.10431,211,4,0
2024-09-09 15:15:00,1.10437,1.1044100000000001,1.1041,1.10412,142,3,0
2024-09-09 15:20:00,1.10415,1.10431,1.10405,1.10417,166,3,0
2024-09-09 15:25:00,1.10417,1.10433,1.10403,1.1042,196,3,0
2024-09-09 15:30:00,1.10421,1.10484,1.10416,1.1048,224,3,0
2024-09-09 15:35:00,1.10477,1.1048,1.10455,1.10463,195,3,0
2024-09-09 15:40:00,1.10462,1.10488,1.10447,1.10448,187,4,0
2024-09-09 15:45:00,1.10447,1.10459,1.10415,1.10417,175,4,0
2024-09-09 15:50:00,1.10417,1.10446,1.10414,1.10438,182,4,0
2024-09-09 15:55:00,1.10439,1.1045,1.10379,1.10395,197,4,0
2024-09-09 16:00:00,1.10395,1.10432,1.10394,1.10425,223,3,0
2024-09-09 16:05:00,1.10425,1.10488,1.1042399999999999,1.10488,175,3,0
2024-09-09 16:10:00,1.10486,1.1050200000000001,1.10466,1.10496,204,3,0
2024-09-09 16:15:00,1.10496,1.10513,1.1048499999999999,1.10487,199,3,0
2024-09-09 16:20:00,1.10489,1.10517,1.10489,1.10504,174,3,0
2024-09-09 16:25:00,1.10503,1.10519,1.10486,1.10493,161,4,0
2024-09-09 16:30:00,1.10494,1.10506,1.10428,1.10431,207,4,0
2024-09-09 16:35:00,1.10431,1.10459,1.10418,1.10429,261,4,0
2024-09-09 16:40:00,1.10429,1.1046,1.10428,1.10444,234,4,0
2024-09-09 16:45:00,1.10444,1.10491,1.10434,1.10473,180,4,0
2024-09-09 16:50:00,1.10474,1.10474,1.1043,1.10461,243,3,0
2024-09-09 16:55:00,1.10462,1.10477,1.10456,1.10469,218,3,0
2024-09-09 17:00:00,1.10469,1.1047,1.10404,1.10407,194,4,0
2024-09-09 17:05:00,1.10405,1.10449,1.10404,1.10411,204,3,0
2024-09-09 17:10:00,1.10411,1.1042,1.10344,1.10379,253,4,0
2024-09-09 17:15:00,1.1038000000000001,1.10444,1.10367,1.10436,266,4,0
2024-09-09 17:20:00,1.10435,1.10452,1.10421,1.10443,251,3,0
2024-09-09 17:25:00,1.10444,1.10449,1.10418,1.10421,239,4,0
2024-09-09 17:30:00,1.10421,1.10429,1.10369,1.10379,229,4,0
2024-09-09 17:35:00,1.1038000000000001,1.10393,1.10359,1.10368,226,4,0
2024-09-09 17:40:00,1.10369,1.1037,1.10344,1.1035,223,3,0
2024-09-09 17:45:00,1.1035,1.10395,1.1034,1.10385,236,4,0
2024-09-09 17:50:00,1.10385,1.10421,1.10383,1.10421,281,4,0
2024-09-09 17:55:00,1.10422,1.10435,1.10376,1.10419,278,4,0
2024-09-09 18:00:00,1.1042,1.10437,1.10407,1.10412,281,3,0
2024-09-09 18:05:00,1.10412,1.10422,1.10383,1.10409,205,4,0
2024-09-09 18:10:00,1.1041,1.10442,1.10408,1.10411,228,3,0
2024-09-09 18:15:00,1.10412,1.10432,1.10407,1.10425,196,3,0
2024-09-09 18:20:00,1.10426,1.10444,1.10414,1.10415,218,4,0
2024-09-09 18:25:00,1.10415,1.10417,1.10365,1.10366,185,4,0
2024-09-09 18:30:00,1.10365,1.1039,1.10355,1.10373,172,4,0
2024-09-09 18:35:00,1.10374,1.10415,1.10365,1.10406,175,3,0
2024-09-09 18:40:00,1.10405,1.10413,1.10389,1.10408,185,3,0
2024-09-09 18:45:00,1.10409,1.10427,1.10405,1.10405,188,3,0
2024-09-09 18:50:00,1.10408,1.10447,1.10408,1.10432,185,4,0
2024-09-09 18:55:00,1.10431,1.10434,1.10413,1.10414,174,4,0
2024-09-09 19:00:00,1.10414,1.10461,1.10414,1.10457,223,3,0
2024-09-09 19:05:00,1.10458,1.1046,1.10416,1.10416,160,4,0
2024-09-09 19:10:00,1.10416,1.10449,1.10414,1.10448,147,4,0
2024-09-09 19:15:00,1.10448,1.10486,1.10447,1.10483,150,4,0
2024-09-09 19:20:00,1.10475,1.10477,1.10444,1.10461,170,4,0
2024-09-09 19:25:00,1.10459,1.1048499999999999,1.10457,1.1048,159,4,0
2024-09-09 19:30:00,1.10479,1.10496,1.10469,1.1048499999999999,169,4,0
2024-09-09 19:35:00,1.1048499999999999,1.10498,1.10483,1.10497,166,4,0
2024-09-09 19:40:00,1.10497,1.10498,1.10479,1.1048499999999999,150,3,0
2024-09-09 19:45:00,1.1048499999999999,1.10506,1.10473,1.10474,156,4,0
2024-09-09 19:50:00,1.10473,1.10489,1.10473,1.10481,151,3,0
2024-09-09 19:55:00,1.10479,1.10496,1.10476,1.10486,141,4,0
2024-09-09 20:00:00,1.10489,1.10501,1.1048,1.10494,114,4,0
2024-09-09 20:05:00,1.10494,1.10524,1.10483,1.10509,129,3,0
2024-09-09 20:10:00,1.10509,1.10534,1.10507,1.10528,118,5,0
2024-09-09 20:15:00,1.10524,1.10529,1.10518,1.10521,126,5,0
2024-09-09 20:20:00,1.10521,1.10534,1.10509,1.10514,146,4,0
2024-09-09 20:25:00,1.10514,1.10527,1.10512,1.10516,174,4,0
2024-09-09 20:30:00,1.10515,1.10529,1.10497,1.10499,161,3,0
2024-09-09 20:35:00,1.10499,1.10517,1.10498,1.10501,158,4,0
2024-09-09 20:40:00,1.1050200000000001,1.1051,1.10478,1.10484,148,4,0
2024-09-09 20:45:00,1.10484,1.10492,1.10474,1.10476,143,4,0
2024-09-09 20:50:00,1.10476,1.10479,1.10454,1.10473,171,4,0
2024-09-09 20:55:00,1.10472,1.10473,1.10433,1.10434,148,4,0
2024-09-09 21:00:00,1.10434,1.10445,1.10432,1.10443,153,4,0
2024-09-09 21:05:00,1.10442,1.10442,1.10415,1.10415,150,4,0
2024-09-09 21:10:00,1.10414,1.10428,1.10414,1.1042399999999999,139,4,0
2024-09-09 21:15:00,1.10425,1.10447,1.10423,1.10444,122,4,0
2024-09-09 21:20:00,1.10444,1.10452,1.10434,1.10448,111,4,0
2024-09-09 21:25:00,1.10449,1.10451,1.1043,1.10439,140,4,0
2024-09-09 21:30:00,1.10439,1.10451,1.10436,1.10451,92,4,0
2024-09-09 21:35:00,1.10452,1.10455,1.10434,1.10434,160,4,0
2024-09-09 21:40:00,1.10434,1.10444,1.1042399999999999,1.10444,142,4,0
2024-09-09 21:45:00,1.10444,1.10456,1.10443,1.10454,86,3,0
2024-09-09 21:50:00,1.10454,1.10462,1.10448,1.10449,83,4,0
2024-09-09 21:55:00,1.10449,1.10455,1.10422,1.10429,138,4,0
2024-09-09 22:00:00,1.10428,1.10428,1.10396,1.10419,135,4,0
2024-09-09 22:05:00,1.10418,1.10429,1.10418,1.10423,136,4,0
2024-09-09 22:10:00,1.1042399999999999,1.10425,1.10409,1.10414,200,4,0
2024-09-09 22:15:00,1.10414,1.1042,1.10403,1.10409,108,4,0
2024-09-09 22:20:00,1.1041,1.1041,1.10395,1.104,122,4,0
2024-09-09 22:25:00,1.10399,1.10404,1.10392,1.10397,121,4,0
2024-09-09 22:30:00,1.10396,1.10397,1.1038000000000001,1.10383,105,4,0
2024-09-09 22:35:00,1.10383,1.10401,1.10382,1.10399,94,4,0
2024-09-09 22:40:00,1.10399,1.10401,1.10394,1.10398,87,4,0
2024-09-09 22:45:00,1.10397,1.10401,1.10395,1.10396,88,4,0
2024-09-09 22:50:00,1.10396,1.10396,1.10379,1.10386,109,4,0
2024-09-09 22:55:00,1.10386,1.1039,1.10373,1.10381,106,4,0
2024-09-09 23:00:00,1.10381,1.10381,1.10361,1.10376,94,4,0
2024-09-09 23:05:00,1.10375,1.1039,1.10375,1.10387,92,4,0
2024-09-09 23:10:00,1.10386,1.10391,1.10386,1.1039,39,4,0
2024-09-09 23:15:00,1.1039,1.10392,1.10375,1.10379,78,4,0
2024-09-09 23:20:00,1.10379,1.10389,1.10379,1.10384,67,4,0
2024-09-09 23:25:00,1.10384,1.10386,1.10376,1.10382,89,6,0
2024-09-09 23:30:00,1.10382,1.10384,1.10373,1.10383,114,3,0
2024-09-09 23:35:00,1.10383,1.10384,1.10376,1.10377,68,4,0
2024-09-09 23:40:00,1.10378,1.1038000000000001,1.10369,1.10372,74,5,0
2024-09-09 23:45:00,1.10372,1.10373,1.10364,1.10369,49,4,0
2024-09-09 23:50:00,1.1037,1.1037,1.10336,1.10349,99,4,0
2024-09-09 23:55:00,1.10326,1.10347,1.10326,1.10332,109,9,0
2024-09-10 00:00:00,1.10334,1.10347,1.10307,1.10332,38,15,0
2024-09-10 00:05:00,1.10342,1.10356,1.10336,1.10354,47,31,0
2024-09-10 00:10:00,1.10354,1.1036299999999999,1.10336,1.10361,57,23,0
2024-09-10 00:15:00,1.10365,1.10365,1.10348,1.10348,28,12,0
2024-09-10 00:20:00,1.10348,1.10362,1.10346,1.10349,26,4,0
2024-09-10 00:25:00,1.10349,1.10352,1.10347,1.1035,16,15,0
2024-09-10 00:30:00,1.10353,1.10357,1.1035,1.10357,18,10,0
2024-09-10 00:35:00,1.10357,1.10364,1.10354,1.10357,14,9,0
2024-09-10 00:40:00,1.10357,1.10368,1.10357,1.10358,24,4,0
2024-09-10 00:45:00,1.10358,1.10373,1.10356,1.10368,22,7,0
2024-09-10 00:50:00,1.10368,1.10377,1.1036,1.10367,44,9,0
2024-09-10 00:55:00,1.10367,1.10367,1.1036,1.1036299999999999,26,17,0
2024-09-10 01:00:00,1.10364,1.10388,1.10348,1.10385,57,4,0
2024-09-10 01:05:00,1.10384,1.10388,1.1037,1.10388,49,4,0
2024-09-10 01:10:00,1.10388,1.10388,1.10376,1.10378,43,8,0
2024-09-10 01:15:00,1.10385,1.10388,1.10383,1.10384,25,4,0
2024-09-10 01:20:00,1.10383,1.10389,1.1038000000000001,1.10381,25,4,0
2024-09-10 01:25:00,1.10382,1.10385,1.10377,1.1038000000000001,31,3,0
2024-09-10 01:30:00,1.1038000000000001,1.10395,1.1038000000000001,1.10384,32,4,0
2024-09-10 01:35:00,1.10384,1.10395,1.10383,1.10391,36,4,0
2024-09-10 01:40:00,1.10391,1.10391,1.10381,1.10388,25,3,0
2024-09-10 01:45:00,1.10385,1.10385,1.10372,1.10375,31,4,0
2024-09-10 01:50:00,1.10374,1.10376,1.10373,1.10375,20,4,0
2024-09-10 01:55:00,1.10375,1.10381,1.10374,1.10375,24,4,0
2024-09-10 02:00:00,1.10374,1.10381,1.1037,1.1037,40,3,0
2024-09-10 02:05:00,1.1037,1.10376,1.1037,1.10371,20,5,0
2024-09-10 02:10:00,1.10371,1.10372,1.10371,1.10371,7,5,0
2024-09-10 02:15:00,1.10371,1.10373,1.10365,1.10366,24,4,0
2024-09-10 02:20:00,1.10367,1.1037,1.1036299999999999,1.10366,42,5,0
2024-09-10 02:25:00,1.10366,1.10377,1.10364,1.10374,30,2,0
2024-09-10 02:30:00,1.10374,1.10382,1.10374,1.10377,26,5,0
2024-09-10 02:35:00,1.10377,1.10377,1.10372,1.10376,23,4,0
2024-09-10 02:40:00,1.10376,1.10378,1.10372,1.10377,34,4,0
2024-09-10 02:45:00,1.10377,1.10377,1.10364,1.10366,31,4,0
2024-09-10 02:50:00,1.10366,1.10367,1.10355,1.10357,56,4,0
2024-09-10 02:55:00,1.10357,1.10359,1.10345,1.10352,56,4,0
2024-09-10 03:00:00,1.10353,1.10353,1.10338,1.10346,110,4,0
2024-09-10 03:05:00,1.10345,1.10347,1.10315,1.1032,114,4,0
2024-09-10 03:10:00,1.1032,1.1033,1.10311,1.10327,116,4,0
2024-09-10 03:15:00,1.10326,1.10331,1.1032,1.10321,121,4,0
2024-09-10 03:20:00,1.10321,1.10325,1.10306,1.10307,67,4,0
2024-09-10 03:25:00,1.10306,1.10311,1.10283,1.10294,86,4,0
2024-09-10 03:30:00,1.10295,1.10306,1.10291,1.10304,90,4,0
2024-09-10 03:35:00,1.10303,1.10313,1.10299,1.1031,106,3,0
2024-09-10 03:40:00,1.10311,1.10327,1.10311,1.10327,83,4,0
2024-09-10 03:45:00,1.10327,1.10327,1.10313,1.1032,87,4,0
2024-09-10 03:50:00,1.1032,1.10322,1.1031,1.1031,89,4,0
2024-09-10 03:55:00,1.1031,1.10316,1.10306,1.10307,77,4,0
2024-09-10 04:00:00,1.10307,1.10318,1.10305,1.10316,93,4,0
2024-09-10 04:05:00,1.10316,1.10327,1.1031,1.10326,79,4,0
2024-09-10 04:10:00,1.10326,1.10334,1.10323,1.10326,94,4,0
2024-09-10 04:15:00,1.10326,1.10332,1.10316,1.10318,88,4,0
2024-09-10 04:20:00,1.10318,1.10325,1.10316,1.10321,57,4,0
2024-09-10 04:25:00,1.10321,1.10332,1.1032,1.10326,93,4,0
2024-09-10 04:30:00,1.10326,1.10335,1.10317,1.10331,77,3,0
2024-09-10 04:35:00,1.10331,1.10337,1.10316,1.10337,93,4,0
2024-09-10 04:40:00,1.10337,1.10337,1.10323,1.1033,86,4,0
2024-09-10 04:45:00,1.10327,1.10338,1.10327,1.10334,90,4,0
2024-09-10 04:50:00,1.10334,1.10344,1.10325,1.10332,57,4,0
2024-09-10 04:55:00,1.10332,1.10352,1.10332,1.10347,72,4,0
2024-09-10 05:00:00,1.10347,1.10359,1.10345,1.10345,108,4,0
2024-09-10 05:05:00,1.10346,1.10346,1.10326,1.10327,43,4,0
2024-09-10 05:10:00,1.10327,1.10332,1.10325,1.10332,30,4,0
2024-09-10 05:15:00,1.10332,1.10337,1.10329,1.10336,49,4,0
2024-09-10 05:20:00,1.10337,1.10347,1.10336,1.1034,79,4,0
2024-09-10 05:25:00,1.1034,1.10343,1.10334,1.10341,75,4,0
2024-09-10 05:30:00,1.10341,1.10351,1.10341,1.1035,51,4,0
2024-09-10 05:35:00,1.10351,1.1036,1.10344,1.10345,66,4,0
2024-09-10 05:40:00,1.10345,1.10356,1.10343,1.10346,61,4,0
2024-09-10 05:45:00,1.10346,1.10349,1.10339,1.10346,56,4,0
2024-09-10 05:50:00,1.10346,1.10352,1.10344,1.10352,57,4,0
2024-09-10 05:55:00,1.10352,1.10355,1.10345,1.10347,60,4,0
2024-09-10 06:00:00,1.10347,1.10361,1.10347,1.1036,47,4,0
2024-09-10 06:05:00,1.1036,1.1036,1.10353,1.10356,51,4,0
2024-09-10 06:10:00,1.10357,1.10365,1.10352,1.1036299999999999,48,4,0
2024-09-10 06:15:00,1.1036299999999999,1.10375,1.1036299999999999,1.10372,59,4,0
2024-09-10 06:20:00,1.10372,1.10382,1.10372,1.10377,45,4,0
2024-09-10 06:25:00,1.10376,1.10376,1.10366,1.1037,26,4,0
2024-09-10 06:30:00,1.10369,1.10378,1.10365,1.10377,56,4,0
2024-09-10 06:35:00,1.10377,1.10386,1.10376,1.10382,56,4,0
2024-09-10 06:40:00,1.10381,1.10381,1.10372,1.10375,28,4,0
2024-09-10 06:45:00,1.10375,1.10388,1.10375,1.10382,36,4,0
2024-09-10 06:50:00,1.10382,1.10387,1.10379,1.10386,58,4,0
2024-09-10 06:55:00,1.10386,1.1039,1.10382,1.10384,46,4,0
2024-09-10 07:00:00,1.10383,1.10389,1.10383,1.10386,38,4,0
2024-09-10 07:05:00,1.10385,1.10386,1.1037,1.1037,43,4,0
2024-09-10 07:10:00,1.1037,1.10372,1.1036,1.10372,49,4,0
2024-09-10 07:15:00,1.10371,1.10376,1.10367,1.10371,47,4,0
2024-09-10 07:20:00,1.10371,1.10377,1.10371,1.10372,30,4,0
2024-09-10 07:25:00,1.10372,1.10373,1.10368,1.10373,38,4,0
2024-09-10 07:30:00,1.10372,1.10381,1.10372,1.1038000000000001,46,4,0
2024-09-10 07:35:00,1.1038000000000001,1.10387,1.1038000000000001,1.10386,38,4,0
2024-09-10 07:40:00,1.10386,1.10397,1.10385,1.10396,51,4,0
2024-09-10 07:45:00,1.10396,1.10404,1.10394,1.10394,48,4,0
2024-09-10 07:50:00,1.10394,1.10395,1.10393,1.10395,38,4,0
2024-09-10 07:55:00,1.10395,1.104,1.10394,1.10399,38,4,0
2024-09-10 08:00:00,1.104,1.10402,1.10382,1.10383,80,3,0
2024-09-10 08:05:00,1.10383,1.10387,1.10383,1.10384,45,4,0
2024-09-10 08:10:00,1.10385,1.10396,1.10381,1.10395,58,4,0
2024-09-10 08:15:00,1.10395,1.10407,1.10392,1.10401,52,4,0
2024-09-10 08:20:00,1.10401,1.1041,1.10401,1.10409,39,4,0
2024-09-10 08:25:00,1.10406,1.1041,1.10401,1.10405,55,4,0
2024-09-10 08:30:00,1.10406,1.10412,1.10405,1.10407,66,4,0
2024-09-10 08:35:00,1.1041,1.10412,1.10402,1.10407,69,4,0
2024-09-10 08:40:00,1.10406,1.10412,1.10394,1.10411,59,4,0
2024-09-10 08:45:00,1.10411,1.10418,1.10404,1.10416,53,4,0
2024-09-10 08:50:00,1.10414,1.1042399999999999,1.10403,1.10404,91,3,0
2024-09-10 08:55:00,1.10404,1.1041,1.10392,1.10397,102,4,0
2024-09-10 09:00:00,1.10396,1.10417,1.1038000000000001,1.10381,139,3,0
2024-09-10 09:05:00,1.10382,1.10385,1.1035,1.10356,142,3,0
2024-09-10 09:10:00,1.10355,1.1036,1.10337,1.1035,150,4,0
2024-09-10 09:15:00,1.1035,1.10376,1.1035,1.1036,127,4,0
2024-09-10 09:20:00,1.1036,1.10372,1.10354,1.10366,151,4,0
2024-09-10 09:25:00,1.10366,1.10387,1.10365,1.10385,98,4,0
2024-09-10 09:30:00,1.10385,1.10408,1.10379,1.10403,122,3,0
2024-09-10 09:35:00,1.10403,1.10417,1.10402,1.10415,135,4,0
2024-09-10 09:40:00,1.10415,1.10432,1.104,1.10401,156,4,0
2024-09-10 09:45:00,1.10402,1.10425,1.10399,1.10425,102,4,0
2024-09-10 09:50:00,1.10425,1.10448,1.10421,1.10443,191,4,0
2024-09-10 09:55:00,1.10443,1.10496,1.10443,1.10496,253,4,0
2024-09-10 10:00:00,1.10491,1.10491,1.10426,1.10427,266,3,0
2024-09-10 10:05:00,1.10426,1.10451,1.1042,1.10443,216,4,0
2024-09-10 10:10:00,1.10443,1.10447,1.1041,1.10421,207,4,0
2024-09-10 10:15:00,1.10421,1.1045,1.10417,1.10447,174,4,0
2024-09-10 10:20:00,1.10446,1.10447,1.10416,1.10432,174,4,0
2024-09-10 10:25:00,1.10432,1.1045,1.10412,1.10417,149,3,0
2024-09-10 10:30:00,1.10416,1.10427,1.1039,1.10413,151,4,0
2024-09-10 10:35:00,1.10412,1.10413,1.10386,1.1041,156,4,0
2024-09-10 10:40:00,1.10411,1.10442,1.10406,1.10431,158,4,0
2024-09-10 10:45:00,1.10431,1.10437,1.10418,1.10422,133,4,0
2024-09-10 10:50:00,1.10422,1.10432,1.10408,1.1041,102,4,0
2024-09-10 10:55:00,1.10408,1.10413,1.10368,1.1037,170,4,0
2024-09-10 11:00:00,1.10369,1.10371,1.10355,1.10359,151,4,0
2024-09-10 11:05:00,1.10359,1.10385,1.10349,1.10366,153,4,0
2024-09-10 11:10:00,1.10366,1.10396,1.10366,1.10392,113,4,0
2024-09-10 11:15:00,1.10391,1.10399,1.10378,1.10382,156,4,0
2024-09-10 11:20:00,1.10383,1.10397,1.10349,1.10352,150,4,0
2024-09-10 11:25:00,1.10351,1.10382,1.10351,1.1036299999999999,120,4,0
2024-09-10 11:30:00,1.1036299999999999,1.10365,1.10341,1.10342,131,3,0
2024-09-10 11:35:00,1.10341,1.10367,1.10334,1.10367,184,4,0
2024-09-10 11:40:00,1.10367,1.10378,1.10353,1.10378,133,4,0
2024-09-10 11:45:00,1.10378,1.10379,1.10366,1.10368,105,4,0
2024-09-10 11:50:00,1.10368,1.10377,1.1036,1.1036,123,4,0
2024-09-10 11:55:00,1.10355,1.10382,1.10349,1.10376,105,4,0
2024-09-10 12:00:00,1.10378,1.10384,1.10351,1.10353,137,4,0
2024-09-10 12:05:00,1.10354,1.10355,1.10323,1.10325,166,0,0
2024-09-10 12:10:00,1.10325,1.10346,1.10325,1.10341,154,4,0
2024-09-10 12:15:00,1.10341,1.10367,1.10335,1.10362,136,4,0
2024-09-10 12:20:00,1.10362,1.10362,1.1034,1.10356,122,4,0
2024-09-10 12:25:00,1.10356,1.10382,1.10351,1.10377,115,4,0
2024-09-10 12:30:00,1.10377,1.10387,1.1036299999999999,1.10386,113,4,0
2024-09-10 12:35:00,1.10386,1.1042,1.10385,1.10408,134,3,0
2024-09-10 12:40:00,1.10414,1.10417,1.104,1.10401,106,4,0
2024-09-10 12:45:00,1.10405,1.10411,1.10398,1.1041,118,3,0
2024-09-10 12:50:00,1.1041,1.10422,1.10385,1.10386,135,4,0
2024-09-10 12:55:00,1.10385,1.10387,1.1037,1.10383,122,4,0
2024-09-10 13:00:00,1.10387,1.10415,1.10386,1.10408,133,4,0
2024-09-10 13:05:00,1.10407,1.10407,1.10376,1.10381,76,4,0
2024-09-10 13:10:00,1.1038000000000001,1.10385,1.10375,1.10375,90,4,0
2024-09-10 13:15:00,1.10375,1.10376,1.10359,1.10371,114,4,0
2024-09-10 13:20:00,1.10369,1.10396,1.10369,1.10374,86,4,0
2024-09-10 13:25:00,1.10374,1.10381,1.10372,1.10373,67,4,0
2024-09-10 13:30:00,1.10371,1.10371,1.10339,1.10349,104,4,0
2024-09-10 13:35:00,1.10349,1.10358,1.10337,1.1034,90,4,0
2024-09-10 13:40:00,1.1034,1.1036,1.10337,1.10356,107,4,0
2024-09-10 13:45:00,1.10356,1.10391,1.10355,1.10374,123,3,0
2024-09-10 13:50:00,1.10375,1.10397,1.10375,1.10387,125,4,0
2024-09-10 13:55:00,1.10391,1.10408,1.10377,1.10402,178,3,0
2024-09-10 14:00:00,1.10406,1.10423,1.10402,1.10422,150,4,0
2024-09-10 14:05:00,1.10422,1.10435,1.10417,1.10435,123,4,0
2024-09-10 14:10:00,1.10437,1.10437,1.10387,1.10389,159,4,0
2024-09-10 14:15:00,1.10389,1.10391,1.10354,1.10356,143,4,0
2024-09-10 14:20:00,1.10355,1.10366,1.1035,1.10365,114,4,0
2024-09-10 14:25:00,1.10365,1.10365,1.10348,1.10354,134,4,0
2024-09-10 14:30:00,1.10354,1.10355,1.10338,1.10351,133,4,0
2024-09-10 14:35:00,1.10351,1.10352,1.10328,1.10329,115,4,0
2024-09-10 14:40:00,1.10329,1.10329,1.10304,1.10313,153,4,0
2024-09-10 14:45:00,1.10313,1.10318,1.10289,1.103,172,4,0
2024-09-10 14:50:00,1.103,1.10305,1.10265,1.103,173,4,0
2024-09-10 14:55:00,1.10299,1.10312,1.10286,1.10311,205,4,0
2024-09-10 15:00:00,1.1031,1.10315,1.10276,1.10314,191,4,0
2024-09-10 15:05:00,1.10311,1.10327,1.103,1.10306,167,4,0
2024-09-10 15:10:00,1.10308,1.10337,1.10307,1.10337,170,4,0
2024-09-10 15:15:00,1.1034,1.10341,1.10325,1.10335,151,3,0
2024-09-10 15:20:00,1.10336,1.10367,1.10324,1.10334,170,3,0
2024-09-10 15:25:00,1.10335,1.10346,1.10279,1.10282,192,3,0
2024-09-10 15:30:00,1.10281,1.10326,1.10273,1.1031900000000001,212,4,0
2024-09-10 15:35:00,1.1031900000000001,1.10341,1.10314,1.10337,174,4,0
2024-09-10 15:40:00,1.10336,1.10336,1.10264,1.10296,193,4,0
2024-09-10 15:45:00,1.10296,1.1031900000000001,1.1027,1.1029,237,3,0
2024-09-10 15:50:00,1.1029,1.10298,1.10264,1.1027,236,4,0
2024-09-10 15:55:00,1.1026799999999999,1.10311,1.1026799999999999,1.10297,190,4,0
2024-09-10 16:00:00,1.10296,1.10346,1.10277,1.10338,245,4,0
2024-09-10 16:05:00,1.10338,1.10347,1.10278,1.10317,214,3,0
2024-09-10 16:10:00,1.10317,1.1033,1.10313,1.10317,181,4,0
2024-09-10 16:15:00,1.10317,1.10341,1.10307,1.10325,183,4,0
2024-09-10 16:20:00,1.10324,1.10347,1.10323,1.10339,181,4,0
2024-09-10 16:25:00,1.10337,1.10344,1.10303,1.10343,183,3,0
2024-09-10 16:30:00,1.10341,1.10341,1.103,1.10333,184,4,0
2024-09-10 16:35:00,1.10334,1.10337,1.10309,1.10329,200,4,0
2024-09-10 16:40:00,1.10335,1.10335,1.10271,1.10295,259,4,0
2024-09-10 16:45:00,1.10295,1.10318,1.10252,1.10252,233,3,0
2024-09-10 16:50:00,1.10255,1.1025800000000001,1.10181,1.10181,273,3,0
2024-09-10 16:55:00,1.10182,1.1021,1.10174,1.10194,286,3,0
2024-09-10 17:00:00,1.10195,1.10196,1.1017,1.10184,272,3,0
2024-09-10 17:05:00,1.10184,1.10216,1.10174,1.10216,290,3,0
2024-09-10 17:10:00,1.10216,1.10227,1.10183,1.10212,318,3,0
2024-09-10 17:15:00,1.10205,1.10232,1.10202,1.10223,242,4,0
2024-09-10 17:20:00,1.10221,1.1023,1.102,1.10214,223,3,0
2024-09-10 17:25:00,1.10215,1.10232,1.10212,1.10225,229,3,0
2024-09-10 17:30:00,1.10223,1.10224,1.1018,1.10181,216,4,0
2024-09-10 17:35:00,1.10181,1.10215,1.1016,1.10212,206,3,0
2024-09-10 17:40:00,1.10213,1.10213,1.10169,1.10172,179,4,0
2024-09-10 17:45:00,1.1017,1.10179,1.10156,1.10166,221,3,0
2024-09-10 17:50:00,1.10167,1.10202,1.1015,1.10178,257,4,0
2024-09-10 17:55:00,1.10178,1.1019700000000001,1.10151,1.10184,212,4,0
2024-09-10 18:00:00,1.10185,1.10196,1.10173,1.1019,207,3,0
2024-09-10 18:05:00,1.1019,1.10198,1.10177,1.10196,160,4,0
2024-09-10 18:10:00,1.10196,1.10233,1.10196,1.10221,201,4,0
2024-09-10 18:15:00,1.10221,1.10255,1.10221,1.10241,188,3,0
2024-09-10 18:20:00,1.10242,1.1025,1.10216,1.1024,175,4,0
2024-09-10 18:25:00,1.1024,1.1026,1.10234,1.1025,174,3,0
2024-09-10 18:30:00,1.1025,1.10265,1.10246,1.10253,147,4,0
2024-09-10 18:35:00,1.10253,1.1025800000000001,1.1020699999999999,1.10208,169,4,0
2024-09-10 18:40:00,1.10206,1.10225,1.10198,1.10222,149,4,0
2024-09-10 18:45:00,1.10221,1.10239,1.10215,1.10238,163,4,0
2024-09-10 18:50:00,1.10239,1.10272,1.10223,1.10257,188,3,0
2024-09-10 18:55:00,1.1025800000000001,1.10264,1.10244,1.10251,176,4,0
2024-09-10 19:00:00,1.10249,1.10272,1.10234,1.10237,238,4,0
2024-09-10 19:05:00,1.10235,1.10247,1.10223,1.10231,165,3,0
2024-09-10 19:10:00,1.10231,1.10263,1.10229,1.10244,214,4,0
2024-09-10 19:15:00,1.10242,1.10261,1.10242,1.10259,182,4,0
2024-09-10 19:20:00,1.1026,1.1026,1.10235,1.10251,124,3,0
2024-09-10 19:25:00,1.1025,1.10266,1.10248,1.10259,144,4,0
2024-09-10 19:30:00,1.10259,1.10272,1.10245,1.10271,132,4,0
2024-09-10 19:35:00,1.10271,1.10287,1.10264,1.10269,131,4,0
2024-09-10 19:40:00,1.1026799999999999,1.10287,1.1025800000000001,1.10283,128,4,0
2024-09-10 19:45:00,1.10282,1.10284,1.10257,1.10262,99,4,0
2024-09-10 19:50:00,1.10262,1.10279,1.10257,1.10278,98,4,0
2024-09-10 19:55:00,1.10279,1.10279,1.10261,1.10264,115,4,0
2024-09-10 20:00:00,1.10264,1.10271,1.10249,1.10267,183,3,0
2024-09-10 20:05:00,1.10267,1.10277,1.10259,1.10265,105,3,0
2024-09-10 20:10:00,1.10265,1.1027,1.10226,1.10226,96,3,0
2024-09-10 20:15:00,1.10225,1.10247,1.10225,1.10229,123,4,0
2024-09-10 20:20:00,1.10228,1.10238,1.10224,1.10232,138,4,0
2024-09-10 20:25:00,1.10232,1.10248,1.1023,1.10243,135,3,0
2024-09-10 20:30:00,1.10245,1.1026799999999999,1.10236,1.10244,161,3,0
2024-09-10 20:35:00,1.10244,1.1026,1.1024,1.10244,122,4,0
2024-09-10 20:40:00,1.10243,1.10255,1.10243,1.10248,92,4,0
2024-09-10 20:45:00,1.10249,1.10262,1.10245,1.10248,127,4,0
2024-09-10 20:50:00,1.10249,1.1025800000000001,1.10243,1.10245,113,4,0
2024-09-10 20:55:00,1.10244,1.10256,1.10227,1.10228,125,3,0
2024-09-10 21:00:00,1.10227,1.10237,1.10204,1.10236,125,4,0
2024-09-10 21:05:00,1.10236,1.1025800000000001,1.10233,1.10257,99,4,0
2024-09-10 21:10:00,1.10256,1.10256,1.1024,1.10245,81,4,0
2024-09-10 21:15:00,1.10245,1.10251,1.10242,1.1025,83,4,0
2024-09-10 21:20:00,1.1025,1.1026,1.10244,1.1026,86,4,0
2024-09-10 21:25:00,1.10256,1.1026799999999999,1.10253,1.10264,98,4,0
2024-09-10 21:30:00,1.10264,1.1026799999999999,1.10249,1.10253,105,4,0
2024-09-10 21:35:00,1.10252,1.10257,1.10249,1.10257,75,4,0
2024-09-10 21:40:00,1.10257,1.10266,1.10256,1.10261,86,4,0
2024-09-10 21:45:00,1.10261,1.10264,1.1024,1.10242,80,4,0
2024-09-10 21:50:00,1.10242,1.10255,1.10232,1.1025,111,4,0
2024-09-10 21:55:00,1.1025,1.10261,1.1024,1.10243,108,4,0
2024-09-10 22:00:00,1.10243,1.10243,1.10221,1.10227,94,4,0
2024-09-10 22:05:00,1.10227,1.10256,1.10225,1.10254,102,4,0
2024-09-10 22:10:00,1.10254,1.1027,1.10254,1.10262,93,3,0
2024-09-10 22:15:00,1.10262,1.10262,1.10248,1.10252,120,4,0
2024-09-10 22:20:00,1.10251,1.10271,1.10251,1.10267,108,4,0
2024-09-10 22:25:00,1.10267,1.10271,1.10256,1.10256,103,4,0
2024-09-10 22:30:00,1.10256,1.10256,1.10238,1.10241,105,4,0
2024-09-10 22:35:00,1.10242,1.10243,1.10233,1.10239,84,4,0
2024-09-10 22:40:00,1.10239,1.10254,1.10239,1.10252,101,4,0
2024-09-10 22:45:00,1.10251,1.10267,1.1025,1.10264,77,4,0
2024-09-10 22:50:00,1.10264,1.10267,1.10254,1.10255,87,4,0
2024-09-10 22:55:00,1.10255,1.10275,1.10252,1.10267,126,4,0
2024-09-10 23:00:00,1.1026799999999999,1.1026799999999999,1.10251,1.10251,108,4,0
2024-09-10 23:05:00,1.1025,1.1025800000000001,1.10249,1.10253,68,4,0
2024-09-10 23:10:00,1.10252,1.10252,1.1024,1.10244,60,4,0
2024-09-10 23:15:00,1.10245,1.10245,1.10239,1.10242,62,4,0
2024-09-10 23:20:00,1.10242,1.10247,1.1024,1.1024,38,4,0
2024-09-10 23:25:00,1.1024,1.10241,1.10228,1.10232,46,4,0
2024-09-10 23:30:00,1.10231,1.10238,1.10229,1.10231,35,4,0
2024-09-10 23:35:00,1.10231,1.10231,1.10226,1.10226,19,4,0
2024-09-10 23:40:00,1.10226,1.1023,1.10225,1.10226,13,4,0
2024-09-10 23:45:00,1.10226,1.10226,1.10211,1.10212,23,4,0
2024-09-10 23:50:00,1.10212,1.1022,1.10185,1.10187,61,4,0
2024-09-10 23:55:00,1.10176,1.10196,1.10176,1.10186,129,1,0
2024-09-11 00:00:00,1.10184,1.10193,1.10164,1.10193,26,9,0
2024-09-11 00:05:00,1.10177,1.10193,1.10175,1.10183,23,14,0
2024-09-11 00:10:00,1.10183,1.10185,1.10179,1.1018,53,20,0
2024-09-11 00:15:00,1.1018,1.10196,1.1018,1.10196,7,7,0
2024-09-11 00:20:00,1.10196,1.1019700000000001,1.10188,1.1019700000000001,10,9,0
2024-09-11 00:25:00,1.1019700000000001,1.1019700000000001,1.10179,1.1019700000000001,9,9,0
2024-09-11 00:30:00,1.1019700000000001,1.1019700000000001,1.1019700000000001,1.1019700000000001,5,9,0
2024-09-11 00:35:00,1.1019700000000001,1.1019700000000001,1.1019700000000001,1.1019700000000001,5,10,0
2024-09-11 00:40:00,1.1019700000000001,1.1019700000000001,1.1019700000000001,1.1019700000000001,5,10,0
2024-09-11 00:45:00,1.1019700000000001,1.1019700000000001,1.1019700000000001,1.1019700000000001,5,10,0
2024-09-11 00:50:00,1.1019700000000001,1.1019700000000001,1.10189,1.1019700000000001,8,4,0
2024-09-11 00:55:00,1.1019700000000001,1.1019700000000001,1.10193,1.1019700000000001,9,8,0
2024-09-11 01:00:00,1.1019700000000001,1.10212,1.1019700000000001,1.10206,35,4,0
2024-09-11 01:05:00,1.10206,1.10212,1.10203,1.10212,15,4,0
2024-09-11 01:10:00,1.10212,1.10212,1.1021,1.1021,16,4,0
2024-09-11 01:15:00,1.1021,1.10212,1.10205,1.10209,50,4,0
2024-09-11 01:20:00,1.1021,1.10212,1.10204,1.10211,30,4,0
2024-09-11 01:25:00,1.10213,1.10213,1.102,1.10205,34,4,0
2024-09-11 01:30:00,1.10204,1.10206,1.10199,1.10205,41,4,0
2024-09-11 01:35:00,1.10205,1.10206,1.10201,1.10206,25,5,0
2024-09-11 01:40:00,1.10206,1.1020699999999999,1.10201,1.10206,30,4,0
2024-09-11 01:45:00,1.10206,1.10206,1.10194,1.10195,23,5,0
2024-09-11 01:50:00,1.10195,1.10204,1.10194,1.10195,30,5,0
2024-09-11 01:55:00,1.10195,1.102,1.10194,1.10196,36,5,0
2024-09-11 02:00:00,1.10196,1.1021,1.10194,1.10206,30,4,0
2024-09-11 02:05:00,1.10205,1.10206,1.102,1.10204,30,4,0
2024-09-11 02:10:00,1.10204,1.10221,1.10201,1.10219,43,4,0
2024-09-11 02:15:00,1.10219,1.10227,1.10219,1.10222,25,4,0
2024-09-11 02:20:00,1.10224,1.10232,1.10222,1.10232,31,4,0
2024-09-11 02:25:00,1.10232,1.10236,1.10223,1.10223,40,4,0
2024-09-11 02:30:00,1.10223,1.10225,1.10209,1.10211,45,4,0
2024-09-11 02:35:00,1.10211,1.10212,1.10205,1.1021,36,4,0
2024-09-11 02:40:00,1.1021,1.1021,1.10199,1.102,47,4,0
2024-09-11 02:45:00,1.10199,1.1021,1.10198,1.10208,50,5,0
2024-09-11 02:50:00,1.10208,1.10208,1.10191,1.10194,45,4,0
2024-09-11 02:55:00,1.10193,1.10204,1.10193,1.102,51,4,0
2024-09-11 03:00:00,1.10199,1.10218,1.10196,1.10198,108,4,0
2024-09-11 03:05:00,1.10198,1.10211,1.10179,1.10181,79,4,0
2024-09-11 03:10:00,1.10181,1.10206,1.10181,1.10191,94,4,0
2024-09-11 03:15:00,1.10192,1.10196,1.1017,1.1017,93,4,0
2024-09-11 03:20:00,1.1017,1.10201,1.10167,1.10196,101,4,0
2024-09-11 03:25:00,1.10196,1.10208,1.10195,1.10199,78,4,0
2024-09-11 03:30:00,1.102,1.10209,1.10191,1.10201,99,4,0
2024-09-11 03:35:00,1.10201,1.1020699999999999,1.1019700000000001,1.10204,78,4,0
2024-09-11 03:40:00,1.10204,1.10216,1.10204,1.10215,69,4,0
2024-09-11 03:45:00,1.10215,1.10226,1.1020699999999999,1.10212,70,4,0
2024-09-11 03:50:00,1.10212,1.10221,1.1021,1.10218,87,4,0
2024-09-11 03:55:00,1.10216,1.10218,1.10196,1.10199,93,4,0
2024-09-11 04:00:00,1.102,1.10202,1.10183,1.1019,106,4,0
2024-09-11 04:05:00,1.1019,1.10192,1.10181,1.10185,87,4,0
2024-09-11 04:10:00,1.10185,1.10196,1.10183,1.1019,66,4,0
2024-09-11 04:15:00,1.1019,1.102,1.10186,1.10195,88,4,0
2024-09-11 04:20:00,1.10195,1.10242,1.10194,1.10242,84,4,0
2024-09-11 04:25:00,1.10243,1.10272,1.10241,1.10271,90,4,0
2024-09-11 04:30:00,1.10271,1.10352,1.1027,1.10352,234,3,0
2024-09-11 04:35:00,1.10351,1.10393,1.10322,1.10382,256,4,0
2024-09-11 04:40:00,1.10382,1.10399,1.10346,1.10358,227,3,0
2024-09-11 04:45:00,1.10356,1.10391,1.10354,1.10389,139,4,0
2024-09-11 04:50:00,1.10389,1.10389,1.10351,1.10356,123,4,0
2024-09-11 04:55:00,1.10356,1.10381,1.10356,1.10366,140,4,0
2024-09-11 05:00:00,1.10367,1.10412,1.10365,1.10406,167,4,0
2024-09-11 05:05:00,1.10406,1.10443,1.104,1.1044100000000001,201,4,0
2024-09-11 05:10:00,1.1044100000000001,1.10442,1.10403,1.10418,161,4,0
2024-09-11 05:15:00,1.10418,1.10429,1.10409,1.10416,131,4,0
2024-09-11 05:20:00,1.10416,1.10416,1.10393,1.10401,101,4,0
2024-09-11 05:25:00,1.104,1.10404,1.10389,1.10401,84,4,0
2024-09-11 05:30:00,1.10401,1.10405,1.10393,1.104,116,4,0
2024-09-11 05:35:00,1.10399,1.104,1.1037,1.10371,70,4,0
2024-09-11 05:40:00,1.10371,1.10371,1.10339,1.1035,88,4,0
2024-09-11 05:45:00,1.1035,1.10356,1.10338,1.1034,52,4,0
2024-09-11 05:50:00,1.1034,1.10341,1.10329,1.1033,76,4,0
2024-09-11 05:55:00,1.10331,1.10337,1.10326,1.10331,87,4,0
2024-09-11 06:00:00,1.10331,1.10332,1.10315,1.10321,82,4,0
2024-09-11 06:05:00,1.1032,1.10345,1.10315,1.10342,86,4,0
2024-09-11 06:10:00,1.10342,1.10372,1.10342,1.10372,98,4,0
2024-09-11 06:15:00,1.10372,1.10383,1.1037,1.10376,105,4,0
2024-09-11 06:20:00,1.10376,1.10379,1.1037,1.10376,92,4,0
2024-09-11 06:25:00,1.10376,1.10394,1.10376,1.10388,85,4,0
2024-09-11 06:30:00,1.10387,1.10417,1.10385,1.10412,134,4,0
2024-09-11 06:35:00,1.10412,1.10425,1.10401,1.10412,106,4,0
2024-09-11 06:40:00,1.10411,1.1042,1.10395,1.10396,95,4,0
2024-09-11 06:45:00,1.10396,1.10398,1.10384,1.10395,75,4,0
2024-09-11 06:50:00,1.10395,1.10396,1.10385,1.10389,45,4,0
2024-09-11 06:55:00,1.10387,1.10389,1.1038000000000001,1.10384,45,4,0
2024-09-11 07:00:00,1.10385,1.10395,1.1038000000000001,1.10385,68,4,0
2024-09-11 07:05:00,1.10385,1.10395,1.10379,1.10391,69,4,0
2024-09-11 07:10:00,1.10388,1.10413,1.10386,1.10401,101,4,0
2024-09-11 07:15:00,1.10401,1.10416,1.10399,1.10416,94,4,0
2024-09-11 07:20:00,1.10416,1.10442,1.10416,1.10428,143,4,0
2024-09-11 07:25:00,1.10428,1.1044100000000001,1.10418,1.10427,102,4,0
2024-09-11 07:30:00,1.10427,1.10453,1.10422,1.10453,90,4,0
2024-09-11 07:35:00,1.10453,1.10464,1.10452,1.10462,87,4,0
2024-09-11 07:40:00,1.10462,1.1047,1.10455,1.10461,99,4,0
2024-09-11 07:45:00,1.10461,1.10467,1.10455,1.10455,87,4,0
2024-09-11 07:50:00,1.10456,1.10468,1.10452,1.10461,84,4,0
2024-09-11 07:55:00,1.10461,1.10466,1.10456,1.10464,84,4,0
2024-09-11 08:00:00,1.10465,1.10472,1.10461,1.10471,99,4,0
2024-09-11 08:05:00,1.1047,1.10477,1.10466,1.10473,104,4,0
2024-09-11 08:10:00,1.10473,1.10478,1.10465,1.10475,104,4,0
2024-09-11 08:15:00,1.10477,1.10487,1.10472,1.1048499999999999,87,4,0
2024-09-11 08:20:00,1.1048499999999999,1.10512,1.10482,1.10506,110,4,0
2024-09-11 08:25:00,1.10507,1.10512,1.10495,1.10501,114,4,0
2024-09-11 08:30:00,1.1050200000000001,1.10507,1.10479,1.1048,113,4,0
2024-09-11 08:35:00,1.10481,1.10481,1.1047,1.10479,79,4,0
2024-09-11 08:40:00,1.1048,1.1048499999999999,1.10461,1.10461,89,4,0
2024-09-11 08:45:00,1.10461,1.10466,1.1043,1.10438,92,4,0
2024-09-11 08:50:00,1.10439,1.1044,1.10425,1.1043,124,4,0
2024-09-11 08:55:00,1.10431,1.10445,1.10429,1.10437,106,4,0
2024-09-11 09:00:00,1.10434,1.10461,1.10415,1.10458,188,4,0
2024-09-11 09:05:00,1.10457,1.10457,1.10437,1.10453,135,4,0
2024-09-11 09:10:00,1.10453,1.10489,1.10449,1.10481,133,4,0
2024-09-11 09:15:00,1.10481,1.10486,1.10468,1.1048499999999999,125,4,0
2024-09-11 09:20:00,1.10486,1.10488,1.10449,1.10462,124,4,0
2024-09-11 09:25:00,1.10461,1.10461,1.10433,1.10436,118,4,0
2024-09-11 09:30:00,1.10436,1.10452,1.10429,1.1045,113,4,0
2024-09-11 09:35:00,1.10445,1.10454,1.10425,1.10426,139,4,0
2024-09-11 09:40:00,1.10426,1.10434,1.1042,1.10421,127,4,0
2024-09-11 09:45:00,1.1042,1.10422,1.10406,1.10421,116,4,0
2024-09-11 09:50:00,1.10421,1.10456,1.10419,1.10452,148,4,0
2024-09-11 09:55:00,1.10452,1.10458,1.1042399999999999,1.10451,133,4,0
2024-09-11 10:00:00,1.1045,1.10499,1.10446,1.1045,239,4,0
2024-09-11 10:05:00,1.10451,1.10453,1.10412,1.1042399999999999,185,3,0
2024-09-11 10:10:00,1.10422,1.10452,1.10416,1.1044100000000001,178,4,0
2024-09-11 10:15:00,1.1044100000000001,1.10482,1.10432,1.10481,199,4,0
2024-09-11 10:20:00,1.10481,1.10503,1.10471,1.1049,174,4,0
2024-09-11 10:25:00,1.1049,1.10498,1.1047,1.10495,141,4,0
2024-09-11 10:30:00,1.10495,1.10518,1.10455,1.10462,166,4,0
2024-09-11 10:35:00,1.10462,1.10473,1.10436,1.10451,158,4,0
2024-09-11 10:40:00,1.1045,1.10456,1.10437,1.10443,165,4,0
2024-09-11 10:45:00,1.10443,1.10455,1.10434,1.10434,176,4,0
2024-09-11 10:50:00,1.10431,1.10439,1.10405,1.10409,167,4,0
2024-09-11 10:55:00,1.10407,1.10421,1.10402,1.1041,182,4,0
2024-09-11 11:00:00,1.1041,1.10416,1.10378,1.10416,185,4,0
2024-09-11 11:05:00,1.10416,1.10431,1.10365,1.10431,165,4,0
2024-09-11 11:10:00,1.10431,1.10466,1.10415,1.1045,164,4,0
2024-09-11 11:15:00,1.1045,1.10453,1.10419,1.10429,157,4,0
2024-09-11 11:20:00,1.10429,1.10442,1.10414,1.10417,127,4,0
2024-09-11 11:25:00,1.10417,1.10446,1.10414,1.10446,131,4,0
2024-09-11 11:30:00,1.10446,1.1046,1.10433,1.10453,162,3,0
2024-09-11 11:35:00,1.10453,1.10453,1.10434,1.10447,127,4,0
2024-09-11 11:40:00,1.10447,1.10477,1.10442,1.10472,137,3,0
2024-09-11 11:45:00,1.1047,1.10477,1.1044,1.1044100000000001,145,4,0
2024-09-11 11:50:00,1.10442,1.10462,1.10437,1.10451,121,4,0
2024-09-11 11:55:00,1.10451,1.10458,1.10436,1.10437,123,4,0
2024-09-11 12:00:00,1.10436,1.1044100000000001,1.10419,1.10432,151,4,0
2024-09-11 12:05:00,1.10435,1.10439,1.10418,1.10438,140,4,0
2024-09-11 12:10:00,1.10438,1.10467,1.1042,1.10457,162,4,0
2024-09-11 12:15:00,1.10456,1.10487,1.10446,1.10472,140,4,0
2024-09-11 12:20:00,1.10472,1.10482,1.10461,1.1048,107,3,0
2024-09-11 12:25:00,1.1048,1.10488,1.10433,1.10434,145,4,0
2024-09-11 12:30:00,1.10435,1.10473,1.10425,1.1047,134,4,0
2024-09-11 12:35:00,1.1047,1.10481,1.10454,1.10472,124,4,0
2024-09-11 12:40:00,1.10472,1.10477,1.1045,1.1045,138,4,0
2024-09-11 12:45:00,1.1045,1.10462,1.10445,1.10459,134,4,0
2024-09-11 12:50:00,1.10459,1.10462,1.10451,1.10453,88,4,0
2024-09-11 12:55:00,1.10452,1.10452,1.10418,1.10421,135,4,0
2024-09-11 13:00:00,1.10419,1.1042,1.10392,1.10398,129,4,0
2024-09-11 13:05:00,1.10399,1.10406,1.10384,1.10388,132,4,0
2024-09-11 13:10:00,1.10388,1.10422,1.10387,1.10415,116,3,0
2024-09-11 13:15:00,1.10416,1.10443,1.10414,1.10416,104,4,0
2024-09-11 13:20:00,1.10417,1.10461,1.10407,1.1044100000000001,133,4,0
2024-09-11 13:25:00,1.1044100000000001,1.10446,1.10431,1.1044,118,4,0
2024-09-11 13:30:00,1.10439,1.10458,1.10429,1.10458,122,4,0
2024-09-11 13:35:00,1.10457,1.10475,1.10446,1.10447,107,4,0
2024-09-11 13:40:00,1.10448,1.10448,1.10431,1.1044100000000001,92,3,0
2024-09-11 13:45:00,1.1044100000000001,1.10458,1.10431,1.10457,120,4,0
2024-09-11 13:50:00,1.10456,1.10481,1.10456,1.10474,154,4,0
2024-09-11 13:55:00,1.10475,1.10487,1.10473,1.1048499999999999,123,4,0
2024-09-11 14:00:00,1.1048499999999999,1.10517,1.1048499999999999,1.105,144,4,0
2024-09-11 14:05:00,1.105,1.10529,1.1049,1.10512,145,4,0
2024-09-11 14:10:00,1.10512,1.10514,1.10487,1.10495,131,4,0
2024-09-11 14:15:00,1.10497,1.1052,1.10488,1.10519,114,4,0
2024-09-11 14:20:00,1.10519,1.10534,1.10513,1.10524,112,4,0
2024-09-11 14:25:00,1.10526,1.1054599999999999,1.10519,1.10522,136,4,0
2024-09-11 14:30:00,1.10521,1.10525,1.10489,1.105,130,4,0
2024-09-11 14:35:00,1.10499,1.10503,1.10478,1.10488,150,3,0
2024-09-11 14:40:00,1.10488,1.10501,1.10481,1.10482,128,4,0
2024-09-11 14:45:00,1.10483,1.10507,1.1048,1.10496,93,4,0
2024-09-11 14:50:00,1.10497,1.10498,1.10469,1.10474,170,4,0
2024-09-11 14:55:00,1.10474,1.10475,1.10426,1.10434,208,4,0
2024-09-11 15:00:00,1.10433,1.10435,1.10396,1.10415,204,4,0
2024-09-11 15:05:00,1.10415,1.10427,1.10401,1.10426,182,4,0
2024-09-11 15:10:00,1.10423,1.10423,1.10405,1.1042,154,4,0
2024-09-11 15:15:00,1.10422,1.10466,1.10407,1.10454,164,4,0
2024-09-11 15:20:00,1.10458,1.10477,1.10446,1.10477,223,4,0
2024-09-11 15:25:00,1.10477,1.10487,1.10413,1.1042,190,3,0
2024-09-11 15:30:00,1.10419,1.10419,1.10134,1.10254,653,3,0
2024-09-11 15:35:00,1.10254,1.10314,1.10106,1.10126,492,3,0
2024-09-11 15:40:00,1.10119,1.10157,1.10067,1.10086,440,3,0
2024-09-11 15:45:00,1.10095,1.1014599999999999,1.10033,1.10109,447,3,0
2024-09-11 15:50:00,1.10107,1.10114,1.10048,1.10113,418,3,0
2024-09-11 15:55:00,1.10115,1.10216,1.10098,1.10161,392,3,0
2024-09-11 16:00:00,1.10164,1.10198,1.10125,1.10188,333,3,0
2024-09-11 16:05:00,1.10189,1.10233,1.10151,1.10208,330,3,0
2024-09-11 16:10:00,1.1020699999999999,1.1025800000000001,1.10175,1.10237,323,3,0
2024-09-11 16:15:00,1.10235,1.1025,1.10209,1.1022,327,3,0
2024-09-11 16:20:00,1.1022,1.10261,1.10196,1.10236,294,3,0
2024-09-11 16:25:00,1.10233,1.10233,1.10156,1.10158,294,3,0
2024-09-11 16:30:00,1.10158,1.10165,1.10131,1.10156,316,3,0
2024-09-11 16:35:00,1.10157,1.10211,1.10139,1.1014,303,3,0
2024-09-11 16:40:00,1.10139,1.10203,1.10139,1.10198,319,3,0
2024-09-11 16:45:00,1.10199,1.10202,1.10115,1.10116,309,3,0
2024-09-11 16:50:00,1.10116,1.10157,1.10097,1.10135,313,3,0
2024-09-11 16:55:00,1.10135,1.10164,1.10122,1.10128,294,3,0
2024-09-11 17:00:00,1.10127,1.1013,1.10065,1.10066,370,3,0
2024-09-11 17:05:00,1.10067,1.10137,1.10055,1.10129,309,3,0
2024-09-11 17:10:00,1.1013,1.10137,1.10076,1.10125,332,3,0
2024-09-11 17:15:00,1.10126,1.10151,1.10116,1.1014,310,3,0
2024-09-11 17:20:00,1.10142,1.1015,1.10087,1.10098,307,3,0
2024-09-11 17:25:00,1.10097,1.10101,1.10045,1.1008499999999999,288,3,0
2024-09-11 17:30:00,1.1008499999999999,1.10089,1.10042,1.10067,300,3,0
2024-09-11 17:35:00,1.10068,1.10078,1.10038,1.10076,278,3,0
2024-09-11 17:40:00,1.10077,1.10078,1.10019,1.10043,263,3,0
2024-09-11 17:45:00,1.10047,1.10056,1.10018,1.10051,276,3,0
2024-09-11 17:50:00,1.10052,1.10112,1.10049,1.10055,334,3,0
2024-09-11 17:55:00,1.1006,1.10104,1.10055,1.10101,349,3,0
2024-09-11 18:00:00,1.10101,1.10137,1.10095,1.10117,306,3,0
2024-09-11 18:05:00,1.10115,1.10152,1.10089,1.10095,295,3,0
2024-09-11 18:10:00,1.10099,1.10163,1.1007500000000001,1.10162,304,3,0
2024-09-11 18:15:00,1.10163,1.10163,1.10119,1.10126,247,3,0
2024-09-11 18:20:00,1.10126,1.10148,1.10094,1.10111,246,3,0
2024-09-11 18:25:00,1.10111,1.10157,1.10107,1.1013600000000001,203,3,0
2024-09-11 18:30:00,1.1013600000000001,1.10154,1.10127,1.10147,178,4,0
2024-09-11 18:35:00,1.1014599999999999,1.10147,1.10118,1.10124,166,3,0
2024-09-11 18:40:00,1.10124,1.10138,1.10108,1.10131,135,3,0
2024-09-11 18:45:00,1.10132,1.10142,1.10103,1.1014,178,4,0
2024-09-11 18:50:00,1.10141,1.10152,1.10132,1.10138,190,4,0
2024-09-11 18:55:00,1.10137,1.10141,1.10117,1.10119,180,4,0
2024-09-11 19:00:00,1.10113,1.10145,1.10097,1.10145,196,3,0
2024-09-11 19:05:00,1.10145,1.10166,1.10134,1.10166,196,4,0
2024-09-11 19:10:00,1.10165,1.10176,1.10148,1.10156,191,3,0
2024-09-11 19:15:00,1.10156,1.10173,1.10155,1.10165,149,4,0
2024-09-11 19:20:00,1.10166,1.10168,1.1013,1.10131,132,4,0
2024-09-11 19:25:00,1.10131,1.1014,1.10115,1.10122,174,4,0
2024-09-11 19:30:00,1.10122,1.10131,1.1011,1.10125,179,4,0
2024-09-11 19:35:00,1.10124,1.10152,1.101,1.10115,178,4,0
2024-09-11 19:40:00,1.10115,1.10157,1.10111,1.10157,148,4,0
2024-09-11 19:45:00,1.10157,1.1016,1.10134,1.10145,138,4,0
2024-09-11 19:50:00,1.1014599999999999,1.10162,1.10129,1.10155,173,4,0
2024-09-11 19:55:00,1.10155,1.10169,1.10147,1.10157,168,4,0
2024-09-11 20:00:00,1.10157,1.10199,1.10153,1.10196,226,3,0
2024-09-11 20:05:00,1.10196,1.10202,1.1018,1.10181,188,4,0
2024-09-11 20:10:00,1.1018,1.10194,1.10174,1.10176,170,4,0
2024-09-11 20:15:00,1.10176,1.10178,1.10156,1.10161,169,4,0
2024-09-11 20:20:00,1.10165,1.10204,1.10165,1.10194,177,4,0
2024-09-11 20:25:00,1.10194,1.10194,1.10156,1.10162,179,4,0
2024-09-11 20:30:00,1.10161,1.1019,1.10151,1.10182,170,4,0
2024-09-11 20:35:00,1.10182,1.10182,1.10164,1.10166,164,4,0
2024-09-11 20:40:00,1.10166,1.10186,1.10164,1.10176,171,4,0
2024-09-11 20:45:00,1.10176,1.10206,1.10171,1.10198,155,4,0
2024-09-11 20:50:00,1.10198,1.1020699999999999,1.10186,1.10188,137,4,0
2024-09-11 20:55:00,1.10188,1.1019,1.10178,1.10184,152,4,0
2024-09-11 21:00:00,1.10185,1.10194,1.1018,1.10188,145,4,0
2024-09-11 21:05:00,1.10188,1.10209,1.10183,1.10205,111,4,0
2024-09-11 21:10:00,1.10205,1.10209,1.10199,1.10199,96,4,0
2024-09-11 21:15:00,1.10198,1.10204,1.10189,1.102,144,4,0
2024-09-11 21:20:00,1.102,1.10201,1.10192,1.10196,124,4,0
2024-09-11 21:25:00,1.10196,1.1020699999999999,1.10187,1.10199,118,4,0
2024-09-11 21:30:00,1.10202,1.10209,1.1019700000000001,1.10202,103,4,0
2024-09-11 21:35:00,1.102,1.1020699999999999,1.10187,1.10206,91,4,0
2024-09-11 21:40:00,1.10208,1.10226,1.10208,1.1022,120,4,0
2024-09-11 21:45:00,1.10222,1.10222,1.1021,1.10212,110,4,0
2024-09-11 21:50:00,1.10214,1.10214,1.1019700000000001,1.102,110,4,0
2024-09-11 21:55:00,1.10201,1.10201,1.10179,1.10181,103,4,0
2024-09-11 22:00:00,1.10181,1.10199,1.10178,1.10198,109,4,0
2024-09-11 22:05:00,1.10198,1.10222,1.10198,1.10222,83,3,0
2024-09-11 22:10:00,1.10223,1.10232,1.10215,1.10229,74,4,0
2024-09-11 22:15:00,1.10229,1.10262,1.10227,1.10228,153,4,0
2024-09-11 22:20:00,1.10229,1.10254,1.10224,1.10248,121,3,0
2024-09-11 22:25:00,1.10246,1.1025800000000001,1.10238,1.10243,154,4,0
2024-09-11 22:30:00,1.10242,1.10243,1.10227,1.10235,110,4,0
2024-09-11 22:35:00,1.10235,1.10237,1.1019,1.10191,118,4,0
2024-09-11 22:40:00,1.10191,1.10192,1.10158,1.10171,132,3,0
2024-09-11 22:45:00,1.10171,1.10173,1.10161,1.10167,116,4,0
2024-09-11 22:50:00,1.10166,1.10177,1.10161,1.10168,126,4,0
2024-09-11 22:55:00,1.10169,1.10198,1.10168,1.10174,167,4,0
2024-09-11 23:00:00,1.10174,1.1018,1.10152,1.10166,121,4,0
2024-09-11 23:05:00,1.10167,1.10172,1.10162,1.10172,68,4,0
2024-09-11 23:10:00,1.10172,1.10173,1.10156,1.10157,69,4,0
2024-09-11 23:15:00,1.10154,1.10164,1.10154,1.10162,44,4,0
2024-09-11 23:20:00,1.10161,1.10162,1.10153,1.10162,61,4,0
2024-09-11 23:25:00,1.10162,1.10162,1.10144,1.10152,44,4,0
2024-09-11 23:30:00,1.10152,1.10154,1.10143,1.10148,47,4,0
2024-09-11 23:35:00,1.10149,1.10156,1.10144,1.10156,43,4,0
2024-09-11 23:40:00,1.10156,1.10158,1.10145,1.1014599999999999,38,4,0
2024-09-11 23:45:00,1.10147,1.10148,1.10141,1.10148,45,4,0
2024-09-11 23:50:00,1.10148,1.10149,1.10141,1.10141,23,4,0
2024-09-11 23:55:00,1.10138,1.1014,1.10103,1.10114,88,8,0
2024-09-12 00:00:00,1.101,1.10124,1.10069,1.10121,19,14,0
