,time,open,high,low,close,tick_volume,spread,real_volume
0,2024-09-02 00:00:00,1.10461,1.10472,1.10425,1.1047,80,22,0
1,2024-09-02 00:15:00,1.1047,1.10493,1.10469,1.10472,68,10,0
2,2024-09-02 00:30:00,1.10473,1.10491,1.10459,1.10483,100,10,0
3,2024-09-02 00:45:00,1.10483,1.10494,1.10465,1.10478,79,10,0
4,2024-09-02 01:00:00,1.10478,1.10478,1.10438,1.10459,136,7,0
5,2024-09-02 01:15:00,1.10464,1.10486,1.10463,1.10473,100,3,0
6,2024-09-02 01:30:00,1.10477,1.10496,1.10473,1.10488,111,4,0
7,2024-09-02 01:45:00,1.10488,1.10491,1.10455,1.10457,111,4,0
8,2024-09-02 02:00:00,1.10458,1.10469,1.10452,1.10468,189,4,0
9,2024-09-02 02:15:00,1.10468,1.10469,1.10446,1.10455,155,4,0
10,2024-09-02 02:30:00,1.10456,1.10469,1.10446,1.10446,199,5,0
11,2024-09-02 02:45:00,1.10446,1.10456,1.1044,1.10444,181,4,0
12,2024-09-02 03:00:00,1.10444,1.10454,1.10418,1.10454,224,4,0
13,2024-09-02 03:15:00,1.10454,1.10511,1.10453,1.1051,274,4,0
14,2024-09-02 03:30:00,1.10509,1.10539,1.10508,1.10534,170,3,0
15,2024-09-02 03:45:00,1.10534,1.10555,1.10524,1.10533,250,4,0
16,2024-09-02 04:00:00,1.10534,1.10554,1.10508,1.10513,291,4,0
17,2024-09-02 04:15:00,1.10512,1.1054599999999999,1.10511,1.10535,341,4,0
18,2024-09-02 04:30:00,1.10537,1.10548,1.10527,1.10535,265,4,0
19,2024-09-02 04:45:00,1.10535,1.10544,1.10501,1.10514,281,3,0
20,2024-09-02 05:00:00,1.10514,1.10514,1.10472,1.10475,264,4,0
21,2024-09-02 05:15:00,1.10475,1.1048499999999999,1.10459,1.10463,259,4,0
22,2024-09-02 05:30:00,1.10463,1.10515,1.10457,1.10514,227,4,0
23,2024-09-02 05:45:00,1.10514,1.10536,1.10513,1.10514,254,3,0
24,2024-09-02 06:00:00,1.10514,1.10524,1.1050200000000001,1.10519,236,4,0
25,2024-09-02 06:15:00,1.10518,1.10544,1.10516,1.10544,235,4,0
26,2024-09-02 06:30:00,1.10544,1.10554,1.10533,1.10538,176,4,0
27,2024-09-02 06:45:00,1.10537,1.1054,1.10484,1.10484,158,4,0
28,2024-09-02 07:00:00,1.10484,1.10484,1.10437,1.1046,204,4,0
29,2024-09-02 07:15:00,1.1046,1.1048,1.1045,1.10476,174,4,0
30,2024-09-02 07:30:00,1.10477,1.1048,1.1046,1.10469,139,4,0
31,2024-09-02 07:45:00,1.10469,1.10483,1.10459,1.10482,110,4,0
32,2024-09-02 08:00:00,1.10483,1.10483,1.10453,1.10471,198,3,0
33,2024-09-02 08:15:00,1.10471,1.10517,1.10464,1.10516,178,4,0
34,2024-09-02 08:30:00,1.10517,1.10537,1.10512,1.10537,168,4,0
35,2024-09-02 08:45:00,1.10536,1.1056300000000001,1.10526,1.10551,221,4,0
36,2024-09-02 09:00:00,1.10551,1.10581,1.10547,1.10565,359,3,0
37,2024-09-02 09:15:00,1.1056,1.10592,1.1055,1.10584,291,4,0
38,2024-09-02 09:30:00,1.10585,1.1066,1.10575,1.10644,351,4,0
39,2024-09-02 09:45:00,1.10643,1.10696,1.10643,1.10657,461,3,0
40,2024-09-02 10:00:00,1.10658,1.10658,1.10613,1.10619,514,3,0
41,2024-09-02 10:15:00,1.10618,1.10635,1.10558,1.1056300000000001,470,4,0
42,2024-09-02 10:30:00,1.1056300000000001,1.10608,1.10559,1.10608,475,3,0
43,2024-09-02 10:45:00,1.10614,1.1068500000000001,1.10591,1.10665,540,4,0
44,2024-09-02 11:00:00,1.10665,1.1077,1.10662,1.1076,555,3,0
45,2024-09-02 11:15:00,1.1076,1.10773,1.10709,1.10721,464,4,0
46,2024-09-02 11:30:00,1.10723,1.10748,1.10704,1.10718,480,3,0
47,2024-09-02 11:45:00,1.10719,1.1072,1.10641,1.10674,454,4,0
48,2024-09-02 12:00:00,1.10674,1.10676,1.10633,1.10648,402,4,0
49,2024-09-02 12:15:00,1.10649,1.10701,1.10639,1.10694,421,4,0
50,2024-09-02 12:30:00,1.10695,1.10725,1.10659,1.10704,439,3,0
51,2024-09-02 12:45:00,1.10704,1.10707,1.1067,1.10689,368,4,0
52,2024-09-02 13:00:00,1.10689,1.10704,1.10673,1.10689,357,3,0
53,2024-09-02 13:15:00,1.10688,1.10701,1.10627,1.10628,301,4,0
54,2024-09-02 13:30:00,1.10628,1.10686,1.10623,1.10634,308,4,0
55,2024-09-02 13:45:00,1.10634,1.10667,1.10613,1.10663,380,4,0
56,2024-09-02 14:00:00,1.10663,1.10688,1.10638,1.10646,381,3,0
57,2024-09-02 14:15:00,1.10644,1.10683,1.10644,1.10652,360,4,0
58,2024-09-02 14:30:00,1.10651,1.10652,1.10608,1.1064,415,3,0
59,2024-09-02 14:45:00,1.1064,1.10648,1.10594,1.10595,338,3,0
60,2024-09-02 15:00:00,1.10595,1.10642,1.10584,1.10589,373,4,0
61,2024-09-02 15:15:00,1.10589,1.1062400000000001,1.10585,1.10619,318,3,0
62,2024-09-02 15:30:00,1.10619,1.10681,1.1061,1.10662,340,3,0
63,2024-09-02 15:45:00,1.10661,1.10713,1.10661,1.10677,452,3,0
64,2024-09-02 16:00:00,1.10681,1.10718,1.10663,1.10664,445,3,0
65,2024-09-02 16:15:00,1.10665,1.1071,1.10663,1.10689,362,4,0
66,2024-09-02 16:30:00,1.10689,1.10704,1.10669,1.10703,351,4,0
67,2024-09-02 16:45:00,1.10702,1.10713,1.1066799999999999,1.10677,373,4,0
68,2024-09-02 17:00:00,1.10676,1.10701,1.10644,1.10648,384,3,0
69,2024-09-02 17:15:00,1.1065,1.10669,1.1063,1.10633,290,4,0
70,2024-09-02 17:30:00,1.10633,1.1068500000000001,1.10599,1.1068500000000001,381,3,0
71,2024-09-02 17:45:00,1.10686,1.10714,1.10656,1.10689,627,3,0
72,2024-09-02 18:00:00,1.10688,1.10707,1.1068,1.10683,400,3,0
73,2024-09-02 18:15:00,1.10684,1.10684,1.10637,1.10666,210,3,0
74,2024-09-02 18:30:00,1.10666,1.10687,1.10665,1.1068,143,4,0
75,2024-09-02 18:45:00,1.10681,1.1069,1.10674,1.10678,129,3,0
76,2024-09-02 19:00:00,1.10677,1.10681,1.10652,1.10655,143,3,0
77,2024-09-02 19:15:00,1.10655,1.10657,1.10636,1.10639,102,4,0
78,2024-09-02 19:30:00,1.10639,1.10653,1.1062400000000001,1.10652,141,3,0
79,2024-09-02 19:45:00,1.10653,1.10661,1.10638,1.10656,121,3,0
80,2024-09-02 20:00:00,1.10656,1.10681,1.10656,1.10681,52,4,0
81,2024-09-02 20:15:00,1.10681,1.10682,1.10675,1.1068,29,4,0
82,2024-09-02 20:30:00,1.1068,1.1068500000000001,1.10679,1.10682,48,2,0
83,2024-09-02 20:45:00,1.10682,1.10686,1.10676,1.1068500000000001,46,2,0
84,2024-09-02 21:00:00,1.1068500000000001,1.10695,1.10679,1.10695,57,4,0
85,2024-09-02 21:15:00,1.10694,1.10701,1.10693,1.107,46,4,0
86,2024-09-02 21:30:00,1.107,1.10709,1.107,1.10708,55,4,0
87,2024-09-02 21:45:00,1.10708,1.10714,1.10706,1.10708,59,4,0
88,2024-09-02 22:00:00,1.10707,1.1072,1.10704,1.10717,66,4,0
89,2024-09-02 22:15:00,1.10717,1.10719,1.10714,1.10716,43,3,0
90,2024-09-02 22:30:00,1.10716,1.10722,1.10716,1.1072,35,4,0
91,2024-09-02 22:45:00,1.1072,1.10725,1.10719,1.10721,46,4,0
92,2024-09-02 23:00:00,1.10721,1.10721,1.10707,1.10719,43,4,0
93,2024-09-02 23:15:00,1.10719,1.10723,1.10705,1.10705,40,4,0
94,2024-09-02 23:30:00,1.10705,1.10723,1.10705,1.10715,39,4,0
95,2024-09-02 23:45:00,1.10715,1.1072,1.10698,1.10701,67,4,0
96,2024-09-03 00:00:00,1.10692,1.10717,1.10618,1.10709,74,13,0
97,2024-09-03 00:15:00,1.10709,1.10718,1.10686,1.107,85,3,0
98,2024-09-03 00:30:00,1.107,1.10707,1.10684,1.107,87,4,0
99,2024-09-03 00:45:00,1.10699,1.10708,1.10689,1.10697,73,4,0
100,2024-09-03 01:00:00,1.10697,1.10726,1.10697,1.10711,65,3,0
101,2024-09-03 01:15:00,1.10713,1.10713,1.10701,1.10705,86,4,0
102,2024-09-03 01:30:00,1.10705,1.1071,1.10686,1.10686,66,3,0
103,2024-09-03 01:45:00,1.10686,1.10686,1.10665,1.10665,62,4,0
104,2024-09-03 02:00:00,1.10666,1.10671,1.1065,1.10651,79,4,0
105,2024-09-03 02:15:00,1.10651,1.10661,1.1065,1.10652,53,3,0
106,2024-09-03 02:30:00,1.10652,1.10676,1.10646,1.10674,105,4,0
107,2024-09-03 02:45:00,1.10674,1.1068,1.10654,1.10671,157,4,0
108,2024-09-03 03:00:00,1.10671,1.10683,1.10645,1.10678,285,3,0
109,2024-09-03 03:15:00,1.10677,1.10686,1.1066,1.10674,309,4,0
110,2024-09-03 03:30:00,1.10675,1.10677,1.1062400000000001,1.1062400000000001,325,4,0
111,2024-09-03 03:45:00,1.1062400000000001,1.10635,1.10589,1.10603,382,4,0
112,2024-09-03 04:00:00,1.10604,1.1064,1.10599,1.10629,252,4,0
113,2024-09-03 04:15:00,1.1063,1.10651,1.10608,1.10617,313,4,0
114,2024-09-03 04:30:00,1.10618,1.10648,1.1061,1.10626,370,4,0
115,2024-09-03 04:45:00,1.10626,1.10681,1.10622,1.10667,363,3,0
116,2024-09-03 05:00:00,1.1066799999999999,1.10693,1.1066,1.1069,277,3,0
117,2024-09-03 05:15:00,1.10691,1.10702,1.10665,1.1067,188,4,0
118,2024-09-03 05:30:00,1.10671,1.10672,1.10658,1.10667,194,4,0
119,2024-09-03 05:45:00,1.10667,1.10678,1.10628,1.10635,188,3,0
120,2024-09-03 06:00:00,1.10635,1.10635,1.10588,1.10604,321,3,0
121,2024-09-03 06:15:00,1.10604,1.10605,1.10584,1.10586,266,3,0
122,2024-09-03 06:30:00,1.10586,1.10596,1.10573,1.10585,203,4,0
123,2024-09-03 06:45:00,1.10585,1.10601,1.1058,1.1058,232,4,0
124,2024-09-03 07:00:00,1.1058,1.10586,1.10542,1.10565,259,3,0
125,2024-09-03 07:15:00,1.10565,1.10576,1.10544,1.1054599999999999,273,4,0
126,2024-09-03 07:30:00,1.10545,1.10556,1.10539,1.10542,234,4,0
127,2024-09-03 07:45:00,1.10542,1.10561,1.10539,1.10541,183,4,0
128,2024-09-03 08:00:00,1.1054,1.10559,1.10539,1.10554,201,4,0
129,2024-09-03 08:15:00,1.10554,1.1057,1.10542,1.10548,315,4,0
130,2024-09-03 08:30:00,1.10548,1.10577,1.10537,1.10555,287,4,0
131,2024-09-03 08:45:00,1.10555,1.10599,1.10544,1.10595,289,3,0
132,2024-09-03 09:00:00,1.1059,1.10592,1.10543,1.10555,364,4,0
133,2024-09-03 09:15:00,1.10554,1.1057,1.10534,1.10557,423,4,0
134,2024-09-03 09:30:00,1.1054599999999999,1.10582,1.1051,1.10582,518,4,0
135,2024-09-03 09:45:00,1.10582,1.10615,1.10562,1.10615,409,3,0
136,2024-09-03 10:00:00,1.10615,1.10646,1.10571,1.1064,592,2,0
137,2024-09-03 10:15:00,1.10638,1.10676,1.10627,1.10644,561,1,0
138,2024-09-03 10:30:00,1.10637,1.10646,1.106,1.10619,528,3,0
139,2024-09-03 10:45:00,1.10619,1.10641,1.10556,1.10559,602,4,0
140,2024-09-03 11:00:00,1.10559,1.10596,1.1054,1.10565,676,4,0
141,2024-09-03 11:15:00,1.10565,1.10592,1.10499,1.1051,556,4,0
142,2024-09-03 11:30:00,1.1051,1.10539,1.10498,1.10522,507,3,0
143,2024-09-03 11:45:00,1.10522,1.10532,1.10479,1.10484,503,3,0
144,2024-09-03 12:00:00,1.1048499999999999,1.10504,1.10341,1.10362,672,4,0
145,2024-09-03 12:15:00,1.10362,1.10388,1.10346,1.10386,625,3,0
146,2024-09-03 12:30:00,1.10386,1.10417,1.10374,1.10408,468,3,0
147,2024-09-03 12:45:00,1.10408,1.10418,1.10391,1.104,412,4,0
148,2024-09-03 13:00:00,1.104,1.10414,1.10361,1.10414,457,4,0
149,2024-09-03 13:15:00,1.10413,1.10416,1.10375,1.10398,465,4,0
150,2024-09-03 13:30:00,1.10398,1.10398,1.1033,1.10367,478,3,0
151,2024-09-03 13:45:00,1.10367,1.10396,1.1035,1.10355,475,4,0
152,2024-09-03 14:00:00,1.10355,1.10391,1.10336,1.10391,518,4,0
153,2024-09-03 14:15:00,1.1039,1.10403,1.10359,1.1038000000000001,375,3,0
154,2024-09-03 14:30:00,1.1038000000000001,1.10428,1.10377,1.10412,353,4,0
155,2024-09-03 14:45:00,1.10411,1.10412,1.10358,1.1036299999999999,559,4,0
156,2024-09-03 15:00:00,1.1036299999999999,1.10393,1.10335,1.10386,583,4,0
157,2024-09-03 15:15:00,1.10388,1.10395,1.10352,1.10387,520,3,0
158,2024-09-03 15:30:00,1.10387,1.10515,1.10387,1.10509,573,3,0
159,2024-09-03 15:45:00,1.10509,1.10524,1.10457,1.10477,614,3,0
160,2024-09-03 16:00:00,1.10481,1.1056,1.10479,1.1054599999999999,704,4,0
161,2024-09-03 16:15:00,1.10548,1.10623,1.10531,1.10619,680,4,0
162,2024-09-03 16:30:00,1.1062,1.10632,1.10564,1.10566,734,3,0
163,2024-09-03 16:45:00,1.10565,1.1062400000000001,1.10509,1.10593,820,3,0
164,2024-09-03 17:00:00,1.10659,1.10702,1.10486,1.10486,1281,3,0
165,2024-09-03 17:15:00,1.1048499999999999,1.10504,1.1037,1.10388,989,3,0
166,2024-09-03 17:30:00,1.10389,1.10505,1.10379,1.10499,894,3,0
167,2024-09-03 17:45:00,1.10499,1.10547,1.1039,1.1042,878,3,0
168,2024-09-03 18:00:00,1.1042,1.10442,1.10362,1.10382,734,3,0
169,2024-09-03 18:15:00,1.10384,1.10408,1.10364,1.10399,609,3,0
170,2024-09-03 18:30:00,1.10398,1.10416,1.10362,1.10375,522,4,0
171,2024-09-03 18:45:00,1.10376,1.10433,1.10359,1.10422,482,4,0
172,2024-09-03 19:00:00,1.10421,1.10446,1.10392,1.10443,511,3,0
173,2024-09-03 19:15:00,1.10445,1.1047,1.1043,1.10443,477,3,0
174,2024-09-03 19:30:00,1.10444,1.1045,1.10402,1.10411,293,4,0
175,2024-09-03 19:45:00,1.10411,1.10413,1.1038000000000001,1.10391,359,4,0
176,2024-09-03 20:00:00,1.1039,1.10399,1.10329,1.10337,372,4,0
177,2024-09-03 20:15:00,1.10337,1.10379,1.10335,1.10359,417,3,0
178,2024-09-03 20:30:00,1.10358,1.10358,1.1033,1.10344,354,3,0
179,2024-09-03 20:45:00,1.10344,1.10351,1.10262,1.10279,346,4,0
180,2024-09-03 21:00:00,1.10279,1.10293,1.10264,1.10284,315,4,0
181,2024-09-03 21:15:00,1.10284,1.10327,1.10276,1.10317,284,3,0
182,2024-09-03 21:30:00,1.10317,1.10367,1.1031,1.1035,308,3,0
183,2024-09-03 21:45:00,1.1035,1.10392,1.10338,1.1038000000000001,369,4,0
184,2024-09-03 22:00:00,1.1038000000000001,1.10407,1.10374,1.10403,299,4,0
185,2024-09-03 22:15:00,1.10403,1.10419,1.10398,1.10399,303,4,0
186,2024-09-03 22:30:00,1.104,1.10413,1.10386,1.10407,354,4,0
187,2024-09-03 22:45:00,1.10408,1.1042,1.10401,1.10416,377,4,0
188,2024-09-03 23:00:00,1.10416,1.10427,1.10396,1.10401,176,4,0
189,2024-09-03 23:15:00,1.10401,1.10413,1.10395,1.10413,87,4,0
190,2024-09-03 23:30:00,1.10413,1.10434,1.10413,1.1043,138,4,0
191,2024-09-03 23:45:00,1.10431,1.10443,1.10413,1.10422,192,2,0
192,2024-09-04 00:00:00,1.10426,1.10427,1.1031,1.10389,582,15,0
193,2024-09-04 00:15:00,1.10389,1.10437,1.10389,1.10426,86,11,0
194,2024-09-04 00:30:00,1.10433,1.10451,1.10428,1.1044,88,8,0
195,2024-09-04 00:45:00,1.10438,1.10446,1.10431,1.10442,110,13,0
196,2024-09-04 01:00:00,1.10447,1.10447,1.10386,1.1042,202,10,0
197,2024-09-04 01:15:00,1.10421,1.10451,1.10419,1.10447,147,4,0
198,2024-09-04 01:30:00,1.10447,1.10466,1.10444,1.10462,219,4,0
199,2024-09-04 01:45:00,1.10462,1.10467,1.10454,1.10456,123,4,0
200,2024-09-04 02:00:00,1.10456,1.1047,1.1045,1.10452,158,4,0
201,2024-09-04 02:15:00,1.10452,1.10499,1.1045,1.10494,159,4,0
202,2024-09-04 02:30:00,1.10492,1.10496,1.1047,1.1048,179,4,0
203,2024-09-04 02:45:00,1.10479,1.10504,1.10471,1.10484,241,3,0
204,2024-09-04 03:00:00,1.10483,1.10505,1.10465,1.10475,380,4,0
205,2024-09-04 03:15:00,1.10475,1.10491,1.10464,1.10471,295,3,0
206,2024-09-04 03:30:00,1.10471,1.10512,1.10466,1.1049,449,4,0
207,2024-09-04 03:45:00,1.10489,1.10501,1.10469,1.10481,499,3,0
208,2024-09-04 04:00:00,1.10481,1.10499,1.10477,1.10481,333,4,0
209,2024-09-04 04:15:00,1.10481,1.10515,1.10475,1.10505,219,4,0
210,2024-09-04 04:30:00,1.10506,1.10542,1.10491,1.10535,279,3,0
211,2024-09-04 04:45:00,1.10535,1.1056,1.10509,1.10529,380,4,0
212,2024-09-04 05:00:00,1.10531,1.10541,1.10494,1.1054,274,3,0
213,2024-09-04 05:15:00,1.1054,1.10557,1.10528,1.10538,214,4,0
214,2024-09-04 05:30:00,1.10538,1.10559,1.10538,1.10545,238,4,0
215,2024-09-04 05:45:00,1.1054599999999999,1.10549,1.10517,1.10524,226,4,0
216,2024-09-04 06:00:00,1.1052,1.10551,1.1052,1.10544,219,4,0
217,2024-09-04 06:15:00,1.10544,1.1054599999999999,1.10522,1.10522,185,4,0
218,2024-09-04 06:30:00,1.10521,1.10531,1.1050200000000001,1.10531,226,4,0
219,2024-09-04 06:45:00,1.1053,1.10545,1.10518,1.10538,190,4,0
220,2024-09-04 07:00:00,1.10537,1.10552,1.10535,1.10544,210,4,0
221,2024-09-04 07:15:00,1.10545,1.10556,1.10539,1.10543,164,4,0
222,2024-09-04 07:30:00,1.10544,1.10561,1.10533,1.10558,181,4,0
223,2024-09-04 07:45:00,1.10558,1.10571,1.1054599999999999,1.10562,180,4,0
224,2024-09-04 08:00:00,1.10562,1.10581,1.10562,1.1057,239,4,0
225,2024-09-04 08:15:00,1.1057,1.10587,1.1056,1.10583,199,3,0
226,2024-09-04 08:30:00,1.10583,1.10598,1.10569,1.10577,209,4,0
227,2024-09-04 08:45:00,1.10577,1.10582,1.10544,1.10577,304,3,0
228,2024-09-04 09:00:00,1.10578,1.10578,1.10524,1.10524,459,4,0
229,2024-09-04 09:15:00,1.10524,1.1054599999999999,1.10474,1.1048499999999999,454,4,0
230,2024-09-04 09:30:00,1.10484,1.10547,1.10476,1.10536,422,3,0
231,2024-09-04 09:45:00,1.10536,1.10564,1.10521,1.10531,535,3,0
232,2024-09-04 10:00:00,1.10532,1.10578,1.10467,1.10571,717,4,0
233,2024-09-04 10:15:00,1.10568,1.10608,1.10553,1.10603,609,3,0
234,2024-09-04 10:30:00,1.10601,1.10626,1.10578,1.1061,593,3,0
235,2024-09-04 10:45:00,1.10604,1.1061,1.10547,1.10558,596,4,0
236,2024-09-04 11:00:00,1.10553,1.1056300000000001,1.10495,1.10509,520,3,0
237,2024-09-04 11:15:00,1.10509,1.1054599999999999,1.10498,1.10543,387,3,0
238,2024-09-04 11:30:00,1.1054599999999999,1.10587,1.10535,1.10565,570,3,0
239,2024-09-04 11:45:00,1.10565,1.10579,1.10507,1.10515,540,3,0
240,2024-09-04 12:00:00,1.10516,1.10538,1.105,1.10529,454,3,0
241,2024-09-04 12:15:00,1.10529,1.10556,1.10508,1.10537,447,3,0
242,2024-09-04 12:30:00,1.10537,1.10585,1.10525,1.10567,369,4,0
243,2024-09-04 12:45:00,1.10567,1.1057,1.10528,1.10531,351,3,0
244,2024-09-04 13:00:00,1.1053,1.10532,1.10506,1.10527,340,3,0
245,2024-09-04 13:15:00,1.10527,1.1054,1.10513,1.10527,365,3,0
246,2024-09-04 13:30:00,1.10527,1.10557,1.10519,1.10525,366,4,0
247,2024-09-04 13:45:00,1.10525,1.10532,1.10497,1.10529,334,4,0
248,2024-09-04 14:00:00,1.1053,1.10537,1.10473,1.10473,351,4,0
249,2024-09-04 14:15:00,1.10474,1.10521,1.10459,1.1052,417,4,0
250,2024-09-04 14:30:00,1.1052,1.10525,1.10456,1.1046,432,3,0
251,2024-09-04 14:45:00,1.10459,1.10504,1.10427,1.1050200000000001,438,3,0
252,2024-09-04 15:00:00,1.1050200000000001,1.10508,1.10471,1.1048,491,3,0
253,2024-09-04 15:15:00,1.10481,1.1049,1.10398,1.10437,580,3,0
254,2024-09-04 15:30:00,1.10437,1.10494,1.10406,1.10494,528,3,0
255,2024-09-04 15:45:00,1.10494,1.10525,1.10456,1.10525,520,4,0
256,2024-09-04 16:00:00,1.10525,1.10562,1.10499,1.10509,569,4,0
257,2024-09-04 16:15:00,1.1051,1.10569,1.10509,1.10556,531,3,0
258,2024-09-04 16:30:00,1.10556,1.10583,1.1052,1.10526,620,3,0
259,2024-09-04 16:45:00,1.10526,1.10591,1.10512,1.10566,678,4,0
260,2024-09-04 17:00:00,1.10571,1.10861,1.10568,1.1066799999999999,1213,3,0
261,2024-09-04 17:15:00,1.1067,1.10845,1.10667,1.10784,953,3,0
262,2024-09-04 17:30:00,1.10783,1.10919,1.10781,1.10865,875,3,0
263,2024-09-04 17:45:00,1.10867,1.10951,1.10834,1.10896,780,3,0
264,2024-09-04 18:00:00,1.10896,1.10915,1.10773,1.10779,731,4,0
265,2024-09-04 18:15:00,1.10777,1.1083,1.10765,1.108,625,3,0
266,2024-09-04 18:30:00,1.108,1.1083,1.10765,1.10794,590,3,0
267,2024-09-04 18:45:00,1.10794,1.10808,1.10763,1.10808,536,4,0
268,2024-09-04 19:00:00,1.10807,1.10828,1.1078000000000001,1.10803,427,4,0
269,2024-09-04 19:15:00,1.10804,1.10858,1.10778,1.1085,383,4,0
270,2024-09-04 19:30:00,1.1085,1.10866,1.10779,1.10783,384,3,0
271,2024-09-04 19:45:00,1.10783,1.10852,1.1076,1.10844,524,3,0
272,2024-09-04 20:00:00,1.10844,1.1086,1.10775,1.10776,401,4,0
273,2024-09-04 20:15:00,1.10775,1.1078000000000001,1.10715,1.10715,338,4,0
274,2024-09-04 20:30:00,1.10713,1.10762,1.10701,1.10746,444,3,0
275,2024-09-04 20:45:00,1.10746,1.10758,1.10658,1.10661,369,3,0
276,2024-09-04 21:00:00,1.10661,1.10727,1.10653,1.10721,453,3,0
277,2024-09-04 21:15:00,1.10721,1.10741,1.10707,1.10711,398,4,0
278,2024-09-04 21:30:00,1.10711,1.10735,1.107,1.10731,364,4,0
279,2024-09-04 21:45:00,1.10731,1.10766,1.10722,1.10759,360,4,0
280,2024-09-04 22:00:00,1.10759,1.10791,1.1075,1.10786,287,4,0
281,2024-09-04 22:15:00,1.10786,1.10822,1.10786,1.1081,355,4,0
282,2024-09-04 22:30:00,1.10809,1.1081,1.10779,1.10801,330,4,0
283,2024-09-04 22:45:00,1.10801,1.10824,1.10775,1.10779,394,4,0
284,2024-09-04 23:00:00,1.10782,1.10805,1.10754,1.10805,200,4,0
285,2024-09-04 23:15:00,1.10805,1.10812,1.10793,1.10799,185,3,0
286,2024-09-04 23:30:00,1.10799,1.10831,1.10795,1.10831,118,4,0
287,2024-09-04 23:45:00,1.10831,1.10834,1.10805,1.10815,165,2,0
288,2024-09-05 00:00:00,1.10808,1.10826,1.10777,1.10823,94,13,0
289,2024-09-05 00:15:00,1.10824,1.10828,1.10807,1.10828,24,8,0
290,2024-09-05 00:30:00,1.10828,1.10835,1.10823,1.1083,30,7,0
291,2024-09-05 00:45:00,1.1083,1.1083,1.1081,1.1083,30,4,0
292,2024-09-05 01:00:00,1.1083,1.1086,1.10827,1.10836,115,3,0
293,2024-09-05 01:15:00,1.10836,1.10846,1.10832,1.10834,88,4,0
294,2024-09-05 01:30:00,1.10835,1.10842,1.10832,1.10834,109,4,0
295,2024-09-05 01:45:00,1.10834,1.10849,1.10826,1.10849,94,4,0
296,2024-09-05 02:00:00,1.1085,1.10853,1.10818,1.10818,112,3,0
297,2024-09-05 02:15:00,1.10819,1.10819,1.10801,1.10815,135,4,0
298,2024-09-05 02:30:00,1.10813,1.10846,1.10813,1.10822,322,4,0
299,2024-09-05 02:45:00,1.10822,1.10825,1.1078999999999999,1.10801,200,4,0
300,2024-09-05 03:00:00,1.10801,1.10812,1.10795,1.108,302,4,0
301,2024-09-05 03:15:00,1.10801,1.10818,1.10792,1.10795,264,4,0
302,2024-09-05 03:30:00,1.10795,1.10801,1.10756,1.10786,272,4,0
303,2024-09-05 03:45:00,1.10786,1.10801,1.10773,1.10791,385,3,0
304,2024-09-05 04:00:00,1.1078999999999999,1.10808,1.10774,1.10783,335,4,0
305,2024-09-05 04:15:00,1.10784,1.10855,1.10784,1.10816,421,4,0
306,2024-09-05 04:30:00,1.10817,1.10835,1.10799,1.10828,406,4,0
307,2024-09-05 04:45:00,1.10829,1.10838,1.10784,1.10788,322,4,0
308,2024-09-05 05:00:00,1.10788,1.10815,1.10782,1.10801,270,4,0
309,2024-09-05 05:15:00,1.10801,1.10813,1.10788,1.10803,233,3,0
310,2024-09-05 05:30:00,1.10804,1.10833,1.10804,1.10827,227,3,0
311,2024-09-05 05:45:00,1.10826,1.10829,1.1078999999999999,1.10797,213,4,0
312,2024-09-05 06:00:00,1.10797,1.10797,1.10768,1.10771,202,4,0
313,2024-09-05 06:15:00,1.10771,1.10777,1.10761,1.10773,153,4,0
314,2024-09-05 06:30:00,1.10774,1.10785,1.10761,1.10771,195,4,0
315,2024-09-05 06:45:00,1.10771,1.10778,1.10763,1.10769,169,4,0
316,2024-09-05 07:00:00,1.1077,1.1077,1.1075,1.10752,174,4,0
317,2024-09-05 07:15:00,1.10752,1.1076,1.10746,1.10756,143,1,0
318,2024-09-05 07:30:00,1.10755,1.10772,1.10751,1.10772,173,4,0
319,2024-09-05 07:45:00,1.10772,1.10777,1.1076,1.10769,177,4,0
320,2024-09-05 08:00:00,1.10769,1.10788,1.10766,1.10781,177,4,0
321,2024-09-05 08:15:00,1.10781,1.10794,1.1077,1.10794,217,4,0
322,2024-09-05 08:30:00,1.10794,1.10801,1.10781,1.10794,223,4,0
323,2024-09-05 08:45:00,1.10794,1.10806,1.10784,1.108,229,4,0
324,2024-09-05 09:00:00,1.10801,1.10837,1.10796,1.10827,466,3,0
325,2024-09-05 09:15:00,1.10826,1.10853,1.10814,1.10834,466,3,0
326,2024-09-05 09:30:00,1.10835,1.10861,1.10826,1.10856,382,4,0
327,2024-09-05 09:45:00,1.10854,1.10881,1.10831,1.10836,412,3,0
328,2024-09-05 10:00:00,1.10833,1.10884,1.10803,1.10857,612,3,0
329,2024-09-05 10:15:00,1.10857,1.10901,1.10807,1.10825,637,4,0
330,2024-09-05 10:30:00,1.10826,1.10852,1.10796,1.10827,527,3,0
331,2024-09-05 10:45:00,1.10829,1.10871,1.10816,1.1087,472,4,0
332,2024-09-05 11:00:00,1.1087,1.10942,1.10839,1.10925,589,4,0
333,2024-09-05 11:15:00,1.10925,1.11002,1.10921,1.10976,517,3,0
334,2024-09-05 11:30:00,1.10977,1.10979,1.10914,1.1096,503,3,0
335,2024-09-05 11:45:00,1.1096,1.11001,1.1096,1.10988,480,4,0
336,2024-09-05 12:00:00,1.10989,1.11003,1.10957,1.10985,522,4,0
337,2024-09-05 12:15:00,1.10995,1.10997,1.10957,1.10985,507,4,0
338,2024-09-05 12:30:00,1.10985,1.11,1.10934,1.10954,361,4,0
339,2024-09-05 12:45:00,1.10954,1.10964,1.10926,1.10945,442,4,0
340,2024-09-05 13:00:00,1.10946,1.10957,1.10921,1.10936,461,4,0
341,2024-09-05 13:15:00,1.10936,1.10978,1.10936,1.10953,389,4,0
342,2024-09-05 13:30:00,1.10955,1.1098,1.1094,1.10969,368,3,0
343,2024-09-05 13:45:00,1.10968,1.10995,1.10965,1.10988,312,4,0
344,2024-09-05 14:00:00,1.10987,1.11016,1.10981,1.11015,331,4,0
345,2024-09-05 14:15:00,1.11014,1.1108,1.11012,1.11078,424,4,0
346,2024-09-05 14:30:00,1.1108,1.11081,1.10984,1.10985,449,3,0
347,2024-09-05 14:45:00,1.10985,1.10992,1.10929,1.10949,505,4,0
348,2024-09-05 15:00:00,1.10952,1.11027,1.10947,1.11014,536,3,0
349,2024-09-05 15:15:00,1.11014,1.11195,1.11014,1.11144,1004,3,0
350,2024-09-05 15:30:00,1.11119,1.11142,1.10995,1.11005,1105,3,0
351,2024-09-05 15:45:00,1.11007,1.11007,1.1087,1.10922,940,3,0
352,2024-09-05 16:00:00,1.10924,1.10983,1.10905,1.10952,774,3,0
353,2024-09-05 16:15:00,1.10952,1.11066,1.10934,1.11062,737,3,0
354,2024-09-05 16:30:00,1.11061,1.11081,1.11011,1.11061,849,2,0
355,2024-09-05 16:45:00,1.11056,1.11075,1.11004,1.1105,843,3,0
356,2024-09-05 17:00:00,1.11037,1.11047,1.10832,1.10914,1131,3,0
357,2024-09-05 17:15:00,1.10915,1.1097,1.10856,1.10867,953,3,0
358,2024-09-05 17:30:00,1.10868,1.10901,1.10775,1.10792,785,3,0
359,2024-09-05 17:45:00,1.10792,1.10857,1.10762,1.10794,921,4,0
360,2024-09-05 18:00:00,1.10795,1.1085099999999999,1.10779,1.1085,806,3,0
361,2024-09-05 18:15:00,1.10849,1.10886,1.10812,1.10813,676,4,0
362,2024-09-05 18:30:00,1.10814,1.10896,1.10803,1.10881,670,4,0
363,2024-09-05 18:45:00,1.10881,1.10956,1.1087,1.10951,636,3,0
364,2024-09-05 19:00:00,1.10954,1.11026,1.10953,1.10964,583,3,0
365,2024-09-05 19:15:00,1.10964,1.1103,1.10964,1.11023,433,3,0
366,2024-09-05 19:30:00,1.11023,1.11052,1.11,1.1102,413,3,0
367,2024-09-05 19:45:00,1.11019,1.11021,1.1099,1.11008,475,4,0
368,2024-09-05 20:00:00,1.11008,1.11058,1.10997,1.11055,424,3,0
369,2024-09-05 20:15:00,1.11055,1.11065,1.1101,1.11011,395,4,0
370,2024-09-05 20:30:00,1.11011,1.11035,1.10993,1.1102400000000001,379,3,0
371,2024-09-05 20:45:00,1.1102400000000001,1.11071,1.11017,1.11066,424,3,0
372,2024-09-05 21:00:00,1.11069,1.11129,1.11069,1.11102,437,3,0
373,2024-09-05 21:15:00,1.11102,1.11106,1.11067,1.11081,370,4,0
374,2024-09-05 21:30:00,1.11083,1.11114,1.11065,1.11069,323,4,0
375,2024-09-05 21:45:00,1.11069,1.11073,1.11023,1.1104,387,4,0
376,2024-09-05 22:00:00,1.11041,1.11066,1.1103399999999999,1.1105,454,4,0
377,2024-09-05 22:15:00,1.1105,1.11052,1.11029,1.11047,430,4,0
378,2024-09-05 22:30:00,1.11047,1.11076,1.1103399999999999,1.11066,327,4,0
379,2024-09-05 22:45:00,1.11066,1.11073,1.11026,1.11035,379,3,0
380,2024-09-05 23:00:00,1.11039,1.11073,1.11036,1.11072,215,3,0
381,2024-09-05 23:15:00,1.11071,1.11109,1.1107,1.11098,192,4,0
382,2024-09-05 23:30:00,1.11099,1.11109,1.1109499999999999,1.11109,184,3,0
383,2024-09-05 23:45:00,1.11109,1.1111,1.11084,1.11092,232,4,0
384,2024-09-06 00:00:00,1.1109,1.11098,1.11008,1.1109499999999999,71,10,0
385,2024-09-06 00:15:00,1.11096,1.11108,1.11094,1.11105,42,4,0
386,2024-09-06 00:30:00,1.11105,1.11115,1.11104,1.11112,37,9,0
387,2024-09-06 00:45:00,1.11112,1.11113,1.1108,1.11089,80,6,0
388,2024-09-06 01:00:00,1.11089,1.11106,1.1108500000000001,1.11103,67,5,0
389,2024-09-06 01:15:00,1.11104,1.1111,1.11098,1.11098,68,4,0
390,2024-09-06 01:30:00,1.11099,1.111,1.11089,1.11091,88,4,0
391,2024-09-06 01:45:00,1.11092,1.11094,1.1108500000000001,1.11094,107,4,0
392,2024-09-06 02:00:00,1.11096,1.11105,1.11093,1.111,115,4,0
393,2024-09-06 02:15:00,1.111,1.111,1.1108500000000001,1.11091,91,2,0
394,2024-09-06 02:30:00,1.1109,1.1112,1.11084,1.1112,129,4,0
395,2024-09-06 02:45:00,1.11117,1.11122,1.11105,1.1111,110,4,0
396,2024-09-06 03:00:00,1.1111,1.11123,1.111,1.1111,249,4,0
397,2024-09-06 03:15:00,1.11109,1.11112,1.1109499999999999,1.11103,227,4,0
398,2024-09-06 03:30:00,1.11104,1.11124,1.11099,1.11105,226,4,0
399,2024-09-06 03:45:00,1.11105,1.11145,1.11096,1.11133,317,4,0
400,2024-09-06 04:00:00,1.11132,1.11139,1.11098,1.111,265,4,0
401,2024-09-06 04:15:00,1.111,1.11137,1.11096,1.11121,211,4,0
402,2024-09-06 04:30:00,1.11122,1.11122,1.11101,1.11121,235,4,0
403,2024-09-06 04:45:00,1.11121,1.11132,1.111,1.11106,215,2,0
404,2024-09-06 05:00:00,1.11106,1.11117,1.11098,1.1111,216,4,0
405,2024-09-06 05:15:00,1.1111,1.11125,1.11109,1.11121,180,4,0
406,2024-09-06 05:30:00,1.1112,1.11125,1.11096,1.11107,215,3,0
407,2024-09-06 05:45:00,1.11107,1.11112,1.11092,1.1111,170,4,0
408,2024-09-06 06:00:00,1.11111,1.11131,1.11107,1.11129,178,4,0
409,2024-09-06 06:15:00,1.11129,1.1114,1.11119,1.11135,144,4,0
410,2024-09-06 06:30:00,1.11135,1.11156,1.11133,1.11152,194,4,0
411,2024-09-06 06:45:00,1.11152,1.11161,1.11143,1.1115,170,4,0
412,2024-09-06 07:00:00,1.11151,1.1117,1.11137,1.11157,222,3,0
413,2024-09-06 07:15:00,1.1116,1.11168,1.11156,1.11166,194,4,0
414,2024-09-06 07:30:00,1.11166,1.1117,1.11151,1.11161,174,4,0
415,2024-09-06 07:45:00,1.11161,1.11175,1.11151,1.11158,198,3,0
416,2024-09-06 08:00:00,1.11158,1.11185,1.11154,1.11178,194,4,0
417,2024-09-06 08:15:00,1.11175,1.1118,1.11164,1.11168,230,4,0
418,2024-09-06 08:30:00,1.11168,1.11169,1.11138,1.11159,285,4,0
419,2024-09-06 08:45:00,1.11158,1.11173,1.11144,1.11168,322,4,0
420,2024-09-06 09:00:00,1.11167,1.11196,1.11139,1.11195,452,4,0
421,2024-09-06 09:15:00,1.11194,1.11197,1.11164,1.11175,393,4,0
422,2024-09-06 09:30:00,1.11173,1.11179,1.1115,1.11175,396,4,0
423,2024-09-06 09:45:00,1.11176,1.11208,1.11158,1.11206,316,3,0
424,2024-09-06 10:00:00,1.11206,1.11206,1.11176,1.11176,587,0,0
425,2024-09-06 10:15:00,1.11176,1.112,1.11145,1.11184,563,4,0
426,2024-09-06 10:30:00,1.11186,1.11187,1.11108,1.11122,564,3,0
427,2024-09-06 10:45:00,1.11121,1.11157,1.11107,1.11157,562,3,0
428,2024-09-06 11:00:00,1.11157,1.11186,1.11135,1.11142,614,3,0
429,2024-09-06 11:15:00,1.11138,1.11173,1.11128,1.11161,483,4,0
430,2024-09-06 11:30:00,1.1116,1.11181,1.11152,1.11165,472,4,0
431,2024-09-06 11:45:00,1.11165,1.11205,1.1115,1.11173,374,3,0
432,2024-09-06 12:00:00,1.11172,1.11172,1.11084,1.1108500000000001,447,3,0
433,2024-09-06 12:15:00,1.11086,1.11117,1.11074,1.11079,460,4,0
434,2024-09-06 12:30:00,1.11079,1.1111,1.11073,1.11086,417,4,0
435,2024-09-06 12:45:00,1.1108500000000001,1.11133,1.11079,1.11132,381,4,0
436,2024-09-06 13:00:00,1.11131,1.11134,1.11098,1.11125,393,3,0
437,2024-09-06 13:15:00,1.11125,1.11127,1.11068,1.11081,416,3,0
438,2024-09-06 13:30:00,1.11081,1.11106,1.11071,1.11093,397,4,0
439,2024-09-06 13:45:00,1.11094,1.11107,1.11069,1.11073,355,4,0
440,2024-09-06 14:00:00,1.11073,1.11097,1.11054,1.11069,386,3,0
441,2024-09-06 14:15:00,1.11069,1.11081,1.11039,1.11056,428,4,0
442,2024-09-06 14:30:00,1.11056,1.11078,1.11025,1.11072,473,3,0
443,2024-09-06 14:45:00,1.11069,1.1108500000000001,1.11051,1.11069,544,3,0
444,2024-09-06 15:00:00,1.11071,1.11076,1.11007,1.11031,577,3,0
445,2024-09-06 15:15:00,1.11032,1.11104,1.11011,1.11075,622,3,0
446,2024-09-06 15:30:00,1.11076,1.11543,1.10799,1.11341,1774,3,0
447,2024-09-06 15:45:00,1.11341,1.11358,1.11177,1.11208,1364,3,0
448,2024-09-06 16:00:00,1.1120700000000001,1.11254,1.11028,1.11067,1290,3,0
449,2024-09-06 16:15:00,1.11067,1.11082,1.10879,1.10952,1151,3,0
450,2024-09-06 16:30:00,1.10951,1.11001,1.10736,1.10738,1243,3,0
451,2024-09-06 16:45:00,1.10738,1.10833,1.10655,1.10831,1139,3,0
452,2024-09-06 17:00:00,1.10832,1.10909,1.10732,1.10894,1088,3,0
453,2024-09-06 17:15:00,1.10892,1.10958,1.10835,1.10871,1056,3,0
454,2024-09-06 17:30:00,1.10869,1.1113,1.10814,1.11046,1131,3,0
455,2024-09-06 17:45:00,1.1105,1.11101,1.10975,1.11016,1150,3,0
456,2024-09-06 18:00:00,1.11019,1.11343,1.10843,1.10966,1521,3,0
457,2024-09-06 18:15:00,1.10965,1.11083,1.1094,1.11054,1205,3,0
458,2024-09-06 18:30:00,1.11056,1.11059,1.10892,1.10914,1126,3,0
459,2024-09-06 18:45:00,1.10921,1.10938,1.1083,1.10859,812,3,0
460,2024-09-06 19:00:00,1.10853,1.10854,1.10755,1.10755,745,4,0
461,2024-09-06 19:15:00,1.10757,1.10787,1.10708,1.10782,805,3,0
462,2024-09-06 19:30:00,1.10782,1.1081,1.10709,1.10725,733,3,0
463,2024-09-06 19:45:00,1.10724,1.10781,1.10696,1.10767,732,3,0
464,2024-09-06 20:00:00,1.10768,1.10803,1.10695,1.10796,660,3,0
465,2024-09-06 20:15:00,1.10797,1.10891,1.10797,1.10871,667,3,0
466,2024-09-06 20:30:00,1.1087,1.10872,1.10808,1.10825,630,4,0
467,2024-09-06 20:45:00,1.10826,1.10868,1.10802,1.10847,617,3,0
468,2024-09-06 21:00:00,1.10847,1.10867,1.10781,1.10825,654,3,0
469,2024-09-06 21:15:00,1.10825,1.10858,1.10805,1.10858,564,3,0
470,2024-09-06 21:30:00,1.10858,1.10866,1.10798,1.10823,526,3,0
471,2024-09-06 21:45:00,1.10823,1.10868,1.10809,1.1086,504,4,0
472,2024-09-06 22:00:00,1.10861,1.10862,1.1082,1.10854,566,4,0
473,2024-09-06 22:15:00,1.10854,1.10894,1.10839,1.10891,429,4,0
474,2024-09-06 22:30:00,1.10891,1.10893,1.1086,1.1087,325,3,0
475,2024-09-06 22:45:00,1.10869,1.10891,1.10859,1.10881,412,3,0
476,2024-09-06 23:00:00,1.10884,1.10884,1.10859,1.10868,356,3,0
477,2024-09-06 23:15:00,1.10867,1.1088,1.10861,1.10869,237,4,0
478,2024-09-06 23:30:00,1.10869,1.10872,1.10844,1.10853,276,4,0
479,2024-09-06 23:45:00,1.10854,1.10865,1.10844,1.1085,304,1,0
480,2024-09-09 00:00:00,1.10793,1.10838,1.10771,1.10817,124,25,0
481,2024-09-09 00:15:00,1.10838,1.10856,1.10827,1.10835,88,5,0
482,2024-09-09 00:30:00,1.10836,1.10844,1.10824,1.10835,32,8,0
483,2024-09-09 00:45:00,1.10835,1.10843,1.10825,1.10836,48,9,0
484,2024-09-09 01:00:00,1.10825,1.10882,1.10823,1.1087,274,6,0
485,2024-09-09 01:15:00,1.10877,1.10884,1.10866,1.10875,158,4,0
486,2024-09-09 01:30:00,1.10874,1.10901,1.10874,1.10892,215,3,0
487,2024-09-09 01:45:00,1.10891,1.10905,1.10866,1.10866,156,4,0
488,2024-09-09 02:00:00,1.10869,1.10895,1.10869,1.10889,296,4,0
489,2024-09-09 02:15:00,1.10888,1.10903,1.10882,1.10901,277,4,0
490,2024-09-09 02:30:00,1.10901,1.10906,1.10892,1.10906,222,4,0
491,2024-09-09 02:45:00,1.10906,1.10909,1.10865,1.10866,346,4,0
492,2024-09-09 03:00:00,1.10866,1.10893,1.10849,1.10882,424,3,0
493,2024-09-09 03:15:00,1.10882,1.10908,1.10862,1.10864,377,4,0
494,2024-09-09 03:30:00,1.10863,1.10886,1.10846,1.10846,303,4,0
495,2024-09-09 03:45:00,1.10846,1.10859,1.10824,1.10832,349,3,0
496,2024-09-09 04:00:00,1.10832,1.10909,1.1083,1.10898,425,4,0
497,2024-09-09 04:15:00,1.10898,1.1090200000000001,1.10859,1.10872,367,4,0
498,2024-09-09 04:30:00,1.10873,1.10875,1.10828,1.10837,423,4,0
499,2024-09-09 04:45:00,1.10836,1.10849,1.10811,1.1082,357,4,0
500,2024-09-09 05:00:00,1.1082,1.10828,1.10808,1.10825,303,4,0
501,2024-09-09 05:15:00,1.10824,1.10824,1.10804,1.10815,250,4,0
502,2024-09-09 05:30:00,1.10813,1.10831,1.1081,1.10813,272,3,0
503,2024-09-09 05:45:00,1.10813,1.10826,1.10804,1.10806,196,3,0
504,2024-09-09 06:00:00,1.10806,1.10809,1.10787,1.10796,258,4,0
505,2024-09-09 06:15:00,1.10796,1.10814,1.10794,1.10812,189,4,0
506,2024-09-09 06:30:00,1.10812,1.10814,1.10793,1.10795,240,3,0
507,2024-09-09 06:45:00,1.10794,1.10816,1.10788,1.10798,227,4,0
508,2024-09-09 07:00:00,1.10795,1.10801,1.10785,1.10791,236,4,0
509,2024-09-09 07:15:00,1.1078999999999999,1.10802,1.10784,1.10792,198,4,0
510,2024-09-09 07:30:00,1.10791,1.10798,1.10755,1.10761,239,4,0
511,2024-09-09 07:45:00,1.10761,1.10766,1.10745,1.10755,256,3,0
512,2024-09-09 08:00:00,1.10755,1.10757,1.10734,1.10744,239,4,0
513,2024-09-09 08:15:00,1.10744,1.10751,1.1072899999999999,1.1073,238,4,0
514,2024-09-09 08:30:00,1.1072899999999999,1.10735,1.10703,1.10711,227,1,0
515,2024-09-09 08:45:00,1.10709,1.10715,1.10688,1.10689,282,4,0
516,2024-09-09 09:00:00,1.10689,1.10717,1.10675,1.10705,505,4,0
517,2024-09-09 09:15:00,1.10705,1.10709,1.10649,1.10673,452,3,0
518,2024-09-09 09:30:00,1.10674,1.10701,1.10653,1.10695,479,3,0
519,2024-09-09 09:45:00,1.10696,1.10698,1.10604,1.10645,530,3,0
520,2024-09-09 10:00:00,1.10647,1.10661,1.1055,1.10554,744,3,0
521,2024-09-09 10:15:00,1.10555,1.1062,1.10549,1.10591,622,3,0
522,2024-09-09 10:30:00,1.10591,1.10611,1.10565,1.10605,597,4,0
523,2024-09-09 10:45:00,1.10605,1.10637,1.10589,1.10591,542,4,0
524,2024-09-09 11:00:00,1.1059,1.10623,1.10544,1.10551,543,3,0
525,2024-09-09 11:15:00,1.10551,1.10551,1.10454,1.1048,602,4,0
526,2024-09-09 11:30:00,1.10479,1.10498,1.10465,1.10483,457,4,0
527,2024-09-09 11:45:00,1.10484,1.10511,1.10471,1.10474,596,3,0
528,2024-09-09 12:00:00,1.10474,1.10535,1.10455,1.10525,527,3,0
529,2024-09-09 12:15:00,1.10524,1.10543,1.10509,1.10527,400,4,0
530,2024-09-09 12:30:00,1.10526,1.10579,1.10512,1.1057,490,3,0
531,2024-09-09 12:45:00,1.1057,1.10589,1.10556,1.10561,454,3,0
532,2024-09-09 13:00:00,1.1056,1.10565,1.10474,1.1048499999999999,390,3,0
533,2024-09-09 13:15:00,1.10482,1.10493,1.10418,1.10422,432,3,0
534,2024-09-09 13:30:00,1.1042,1.10421,1.10368,1.10393,449,4,0
535,2024-09-09 13:45:00,1.10391,1.1042399999999999,1.1038000000000001,1.104,462,4,0
536,2024-09-09 14:00:00,1.104,1.10448,1.104,1.1044,371,3,0
537,2024-09-09 14:15:00,1.10437,1.10442,1.10379,1.10382,357,4,0
538,2024-09-09 14:30:00,1.10381,1.10434,1.10356,1.10419,488,3,0
539,2024-09-09 14:45:00,1.10419,1.10448,1.10398,1.10447,489,3,0
540,2024-09-09 15:00:00,1.10442,1.10445,1.10403,1.10431,595,4,0
541,2024-09-09 15:15:00,1.10437,1.1044100000000001,1.10403,1.1042,504,3,0
542,2024-09-09 15:30:00,1.10421,1.10488,1.10416,1.10448,606,3,0
543,2024-09-09 15:45:00,1.10447,1.10459,1.10379,1.10395,554,4,0
544,2024-09-09 16:00:00,1.10395,1.1050200000000001,1.10394,1.10496,602,3,0
545,2024-09-09 16:15:00,1.10496,1.10519,1.1048499999999999,1.10493,534,3,0
546,2024-09-09 16:30:00,1.10494,1.10506,1.10418,1.10444,702,4,0
547,2024-09-09 16:45:00,1.10444,1.10491,1.1043,1.10469,641,3,0
548,2024-09-09 17:00:00,1.10469,1.1047,1.10344,1.10379,651,3,0
549,2024-09-09 17:15:00,1.1038000000000001,1.10452,1.10367,1.10421,756,3,0
550,2024-09-09 17:30:00,1.10421,1.10429,1.10344,1.1035,678,3,0
551,2024-09-09 17:45:00,1.1035,1.10435,1.1034,1.10419,795,4,0
552,2024-09-09 18:00:00,1.1042,1.10442,1.10383,1.10411,714,3,0
553,2024-09-09 18:15:00,1.10412,1.10444,1.10365,1.10366,599,3,0
554,2024-09-09 18:30:00,1.10365,1.10415,1.10355,1.10408,532,3,0
555,2024-09-09 18:45:00,1.10409,1.10447,1.10405,1.10414,547,3,0
556,2024-09-09 19:00:00,1.10414,1.10461,1.10414,1.10448,530,3,0
557,2024-09-09 19:15:00,1.10448,1.10486,1.10444,1.1048,479,4,0
558,2024-09-09 19:30:00,1.10479,1.10498,1.10469,1.1048499999999999,485,3,0
559,2024-09-09 19:45:00,1.1048499999999999,1.10506,1.10473,1.10486,448,3,0
560,2024-09-09 20:00:00,1.10489,1.10534,1.1048,1.10528,361,3,0
561,2024-09-09 20:15:00,1.10524,1.10534,1.10509,1.10516,446,4,0
562,2024-09-09 20:30:00,1.10515,1.10529,1.10478,1.10484,467,3,0
563,2024-09-09 20:45:00,1.10484,1.10492,1.10433,1.10434,462,4,0
564,2024-09-09 21:00:00,1.10434,1.10445,1.10414,1.1042399999999999,442,4,0
565,2024-09-09 21:15:00,1.10425,1.10452,1.10423,1.10439,373,4,0
566,2024-09-09 21:30:00,1.10439,1.10455,1.1042399999999999,1.10444,394,4,0
567,2024-09-09 21:45:00,1.10444,1.10462,1.10422,1.10429,307,3,0
568,2024-09-09 22:00:00,1.10428,1.10429,1.10396,1.10414,471,4,0
569,2024-09-09 22:15:00,1.10414,1.1042,1.10392,1.10397,351,4,0
570,2024-09-09 22:30:00,1.10396,1.10401,1.1038000000000001,1.10398,286,4,0
571,2024-09-09 22:45:00,1.10397,1.10401,1.10373,1.10381,303,4,0
572,2024-09-09 23:00:00,1.10381,1.10391,1.10361,1.1039,225,4,0
573,2024-09-09 23:15:00,1.1039,1.10392,1.10375,1.10382,234,4,0
574,2024-09-09 23:30:00,1.10382,1.10384,1.10369,1.10372,256,3,0
575,2024-09-09 23:45:00,1.10372,1.10373,1.10326,1.10332,257,4,0
576,2024-09-10 00:00:00,1.10334,1.1036299999999999,1.10307,1.10361,142,15,0
577,2024-09-10 00:15:00,1.10365,1.10365,1.10346,1.1035,70,4,0
578,2024-09-10 00:30:00,1.10353,1.10368,1.1035,1.10358,56,4,0
579,2024-09-10 00:45:00,1.10358,1.10377,1.10356,1.1036299999999999,92,7,0
580,2024-09-10 01:00:00,1.10364,1.10388,1.10348,1.10378,149,4,0
581,2024-09-10 01:15:00,1.10385,1.10389,1.10377,1.1038000000000001,81,3,0
582,2024-09-10 01:30:00,1.1038000000000001,1.10395,1.1038000000000001,1.10388,93,3,0
583,2024-09-10 01:45:00,1.10385,1.10385,1.10372,1.10375,75,4,0
584,2024-09-10 02:00:00,1.10374,1.10381,1.1037,1.10371,67,3,0
585,2024-09-10 02:15:00,1.10371,1.10377,1.1036299999999999,1.10374,96,2,0
586,2024-09-10 02:30:00,1.10374,1.10382,1.10372,1.10377,83,4,0
587,2024-09-10 02:45:00,1.10377,1.10377,1.10345,1.10352,143,4,0
588,2024-09-10 03:00:00,1.10353,1.10353,1.10311,1.10327,340,4,0
589,2024-09-10 03:15:00,1.10326,1.10331,1.10283,1.10294,274,4,0
590,2024-09-10 03:30:00,1.10295,1.10327,1.10291,1.10327,279,3,0
591,2024-09-10 03:45:00,1.10327,1.10327,1.10306,1.10307,253,4,0
592,2024-09-10 04:00:00,1.10307,1.10334,1.10305,1.10326,266,4,0
593,2024-09-10 04:15:00,1.10326,1.10332,1.10316,1.10326,238,4,0
594,2024-09-10 04:30:00,1.10326,1.10337,1.10316,1.1033,256,3,0
595,2024-09-10 04:45:00,1.10327,1.10352,1.10325,1.10347,219,4,0
596,2024-09-10 05:00:00,1.10347,1.10359,1.10325,1.10332,181,4,0
597,2024-09-10 05:15:00,1.10332,1.10347,1.10329,1.10341,203,4,0
598,2024-09-10 05:30:00,1.10341,1.1036,1.10341,1.10346,178,4,0
599,2024-09-10 05:45:00,1.10346,1.10355,1.10339,1.10347,173,4,0
600,2024-09-10 06:00:00,1.10347,1.10365,1.10347,1.1036299999999999,146,4,0
601,2024-09-10 06:15:00,1.1036299999999999,1.10382,1.1036299999999999,1.1037,130,4,0
602,2024-09-10 06:30:00,1.10369,1.10386,1.10365,1.10375,140,4,0
603,2024-09-10 06:45:00,1.10375,1.1039,1.10375,1.10384,140,4,0
604,2024-09-10 07:00:00,1.10383,1.10389,1.1036,1.10372,130,4,0
605,2024-09-10 07:15:00,1.10371,1.10377,1.10367,1.10373,115,4,0
606,2024-09-10 07:30:00,1.10372,1.10397,1.10372,1.10396,135,4,0
607,2024-09-10 07:45:00,1.10396,1.10404,1.10393,1.10399,124,4,0
608,2024-09-10 08:00:00,1.104,1.10402,1.10381,1.10395,183,3,0
609,2024-09-10 08:15:00,1.10395,1.1041,1.10392,1.10405,146,4,0
610,2024-09-10 08:30:00,1.10406,1.10412,1.10394,1.10411,194,4,0
611,2024-09-10 08:45:00,1.10411,1.1042399999999999,1.10392,1.10397,246,3,0
612,2024-09-10 09:00:00,1.10396,1.10417,1.10337,1.1035,431,3,0
613,2024-09-10 09:15:00,1.1035,1.10387,1.1035,1.10385,376,4,0
614,2024-09-10 09:30:00,1.10385,1.10432,1.10379,1.10401,413,3,0
615,2024-09-10 09:45:00,1.10402,1.10496,1.10399,1.10496,546,4,0
616,2024-09-10 10:00:00,1.10491,1.10491,1.1041,1.10421,689,3,0
617,2024-09-10 10:15:00,1.10421,1.1045,1.10412,1.10417,497,3,0
618,2024-09-10 10:30:00,1.10416,1.10442,1.10386,1.10431,465,4,0
619,2024-09-10 10:45:00,1.10431,1.10437,1.10368,1.1037,405,4,0
620,2024-09-10 11:00:00,1.10369,1.10396,1.10349,1.10392,417,4,0
621,2024-09-10 11:15:00,1.10391,1.10399,1.10349,1.1036299999999999,426,4,0
622,2024-09-10 11:30:00,1.1036299999999999,1.10378,1.10334,1.10378,448,3,0
623,2024-09-10 11:45:00,1.10378,1.10382,1.10349,1.10376,333,4,0
624,2024-09-10 12:00:00,1.10378,1.10384,1.10323,1.10341,457,0,0
625,2024-09-10 12:15:00,1.10341,1.10382,1.10335,1.10377,373,4,0
626,2024-09-10 12:30:00,1.10377,1.1042,1.1036299999999999,1.10401,353,3,0
627,2024-09-10 12:45:00,1.10405,1.10422,1.1037,1.10383,375,3,0
628,2024-09-10 13:00:00,1.10387,1.10415,1.10375,1.10375,299,4,0
629,2024-09-10 13:15:00,1.10375,1.10396,1.10359,1.10373,267,4,0
630,2024-09-10 13:30:00,1.10371,1.10371,1.10337,1.10356,301,4,0
631,2024-09-10 13:45:00,1.10356,1.10408,1.10355,1.10402,426,3,0
632,2024-09-10 14:00:00,1.10406,1.10437,1.10387,1.10389,432,4,0
633,2024-09-10 14:15:00,1.10389,1.10391,1.10348,1.10354,391,4,0
634,2024-09-10 14:30:00,1.10354,1.10355,1.10304,1.10313,401,4,0
635,2024-09-10 14:45:00,1.10313,1.10318,1.10265,1.10311,550,4,0
636,2024-09-10 15:00:00,1.1031,1.10337,1.10276,1.10337,528,4,0
637,2024-09-10 15:15:00,1.1034,1.10367,1.10279,1.10282,513,3,0
638,2024-09-10 15:30:00,1.10281,1.10341,1.10264,1.10296,579,4,0
639,2024-09-10 15:45:00,1.10296,1.1031900000000001,1.10264,1.10297,663,3,0
640,2024-09-10 16:00:00,1.10296,1.10347,1.10277,1.10317,640,3,0
641,2024-09-10 16:15:00,1.10317,1.10347,1.10303,1.10343,547,3,0
642,2024-09-10 16:30:00,1.10341,1.10341,1.10271,1.10295,643,4,0
643,2024-09-10 16:45:00,1.10295,1.10318,1.10174,1.10194,792,3,0
644,2024-09-10 17:00:00,1.10195,1.10227,1.1017,1.10212,880,3,0
645,2024-09-10 17:15:00,1.10205,1.10232,1.102,1.10225,694,3,0
646,2024-09-10 17:30:00,1.10223,1.10224,1.1016,1.10172,601,3,0
647,2024-09-10 17:45:00,1.1017,1.10202,1.1015,1.10184,690,3,0
648,2024-09-10 18:00:00,1.10185,1.10233,1.10173,1.10221,568,3,0
649,2024-09-10 18:15:00,1.10221,1.1026,1.10216,1.1025,537,3,0
650,2024-09-10 18:30:00,1.1025,1.10265,1.10198,1.10222,465,4,0
651,2024-09-10 18:45:00,1.10221,1.10272,1.10215,1.10251,527,3,0
652,2024-09-10 19:00:00,1.10249,1.10272,1.10223,1.10244,617,3,0
653,2024-09-10 19:15:00,1.10242,1.10266,1.10235,1.10259,450,3,0
654,2024-09-10 19:30:00,1.10259,1.10287,1.10245,1.10283,391,4,0
655,2024-09-10 19:45:00,1.10282,1.10284,1.10257,1.10264,312,4,0
656,2024-09-10 20:00:00,1.10264,1.10277,1.10226,1.10226,384,3,0
657,2024-09-10 20:15:00,1.10225,1.10248,1.10224,1.10243,396,3,0
658,2024-09-10 20:30:00,1.10245,1.1026799999999999,1.10236,1.10248,375,3,0
659,2024-09-10 20:45:00,1.10249,1.10262,1.10227,1.10228,365,3,0
660,2024-09-10 21:00:00,1.10227,1.1025800000000001,1.10204,1.10245,305,4,0
661,2024-09-10 21:15:00,1.10245,1.1026799999999999,1.10242,1.10264,267,4,0
662,2024-09-10 21:30:00,1.10264,1.1026799999999999,1.10249,1.10261,266,4,0
663,2024-09-10 21:45:00,1.10261,1.10264,1.10232,1.10243,299,4,0
664,2024-09-10 22:00:00,1.10243,1.1027,1.10221,1.10262,289,3,0
665,2024-09-10 22:15:00,1.10262,1.10271,1.10248,1.10256,331,4,0
666,2024-09-10 22:30:00,1.10256,1.10256,1.10233,1.10252,290,4,0
667,2024-09-10 22:45:00,1.10251,1.10275,1.1025,1.10267,290,4,0
668,2024-09-10 23:00:00,1.1026799999999999,1.1026799999999999,1.1024,1.10244,236,4,0
669,2024-09-10 23:15:00,1.10245,1.10247,1.10228,1.10232,146,4,0
670,2024-09-10 23:30:00,1.10231,1.10238,1.10225,1.10226,67,4,0
671,2024-09-10 23:45:00,1.10226,1.10226,1.10176,1.10186,213,1,0
672,2024-09-11 00:00:00,1.10184,1.10193,1.10164,1.1018,102,9,0
673,2024-09-11 00:15:00,1.1018,1.1019700000000001,1.10179,1.1019700000000001,26,7,0
674,2024-09-11 00:30:00,1.1019700000000001,1.1019700000000001,1.1019700000000001,1.1019700000000001,15,9,0
675,2024-09-11 00:45:00,1.1019700000000001,1.1019700000000001,1.10189,1.1019700000000001,22,4,0
676,2024-09-11 01:00:00,1.1019700000000001,1.10212,1.1019700000000001,1.1021,66,4,0
677,2024-09-11 01:15:00,1.1021,1.10213,1.102,1.10205,114,4,0
678,2024-09-11 01:30:00,1.10204,1.1020699999999999,1.10199,1.10206,96,4,0
679,2024-09-11 01:45:00,1.10206,1.10206,1.10194,1.10196,89,5,0
680,2024-09-11 02:00:00,1.10196,1.10221,1.10194,1.10219,103,4,0
681,2024-09-11 02:15:00,1.10219,1.10236,1.10219,1.10223,96,4,0
682,2024-09-11 02:30:00,1.10223,1.10225,1.10199,1.102,128,4,0
683,2024-09-11 02:45:00,1.10199,1.1021,1.10191,1.102,146,4,0
684,2024-09-11 03:00:00,1.10199,1.10218,1.10179,1.10191,281,4,0
685,2024-09-11 03:15:00,1.10192,1.10208,1.10167,1.10199,272,4,0
686,2024-09-11 03:30:00,1.102,1.10216,1.10191,1.10215,246,4,0
687,2024-09-11 03:45:00,1.10215,1.10226,1.10196,1.10199,250,4,0
688,2024-09-11 04:00:00,1.102,1.10202,1.10181,1.1019,259,4,0
689,2024-09-11 04:15:00,1.1019,1.10272,1.10186,1.10271,262,4,0
690,2024-09-11 04:30:00,1.10271,1.10399,1.1027,1.10358,717,3,0
691,2024-09-11 04:45:00,1.10356,1.10391,1.10351,1.10366,402,4,0
692,2024-09-11 05:00:00,1.10367,1.10443,1.10365,1.10418,529,4,0
693,2024-09-11 05:15:00,1.10418,1.10429,1.10389,1.10401,316,4,0
694,2024-09-11 05:30:00,1.10401,1.10405,1.10339,1.1035,274,4,0
695,2024-09-11 05:45:00,1.1035,1.10356,1.10326,1.10331,215,4,0
696,2024-09-11 06:00:00,1.10331,1.10372,1.10315,1.10372,266,4,0
697,2024-09-11 06:15:00,1.10372,1.10394,1.1037,1.10388,282,4,0
698,2024-09-11 06:30:00,1.10387,1.10425,1.10385,1.10396,335,4,0
699,2024-09-11 06:45:00,1.10396,1.10398,1.1038000000000001,1.10384,165,4,0
700,2024-09-11 07:00:00,1.10385,1.10413,1.10379,1.10401,238,4,0
701,2024-09-11 07:15:00,1.10401,1.10442,1.10399,1.10427,339,4,0
702,2024-09-11 07:30:00,1.10427,1.1047,1.10422,1.10461,276,4,0
703,2024-09-11 07:45:00,1.10461,1.10468,1.10452,1.10464,255,4,0
704,2024-09-11 08:00:00,1.10465,1.10478,1.10461,1.10475,307,4,0
705,2024-09-11 08:15:00,1.10477,1.10512,1.10472,1.10501,311,4,0
706,2024-09-11 08:30:00,1.1050200000000001,1.10507,1.10461,1.10461,281,4,0
707,2024-09-11 08:45:00,1.10461,1.10466,1.10425,1.10437,322,4,0
708,2024-09-11 09:00:00,1.10434,1.10489,1.10415,1.10481,456,4,0
709,2024-09-11 09:15:00,1.10481,1.10488,1.10433,1.10436,367,4,0
710,2024-09-11 09:30:00,1.10436,1.10454,1.1042,1.10421,379,4,0
711,2024-09-11 09:45:00,1.1042,1.10458,1.10406,1.10451,397,4,0
712,2024-09-11 10:00:00,1.1045,1.10499,1.10412,1.1044100000000001,602,3,0
713,2024-09-11 10:15:00,1.1044100000000001,1.10503,1.10432,1.10495,514,4,0
714,2024-09-11 10:30:00,1.10495,1.10518,1.10436,1.10443,489,4,0
715,2024-09-11 10:45:00,1.10443,1.10455,1.10402,1.1041,525,4,0
716,2024-09-11 11:00:00,1.1041,1.10466,1.10365,1.1045,514,4,0
717,2024-09-11 11:15:00,1.1045,1.10453,1.10414,1.10446,415,4,0
718,2024-09-11 11:30:00,1.10446,1.10477,1.10433,1.10472,426,3,0
719,2024-09-11 11:45:00,1.1047,1.10477,1.10436,1.10437,389,4,0
720,2024-09-11 12:00:00,1.10436,1.10467,1.10418,1.10457,453,4,0
721,2024-09-11 12:15:00,1.10456,1.10488,1.10433,1.10434,392,3,0
722,2024-09-11 12:30:00,1.10435,1.10481,1.10425,1.1045,396,4,0
723,2024-09-11 12:45:00,1.1045,1.10462,1.10418,1.10421,357,4,0
724,2024-09-11 13:00:00,1.10419,1.10422,1.10384,1.10415,377,3,0
725,2024-09-11 13:15:00,1.10416,1.10461,1.10407,1.1044,355,4,0
726,2024-09-11 13:30:00,1.10439,1.10475,1.10429,1.1044100000000001,321,3,0
727,2024-09-11 13:45:00,1.1044100000000001,1.10487,1.10431,1.1048499999999999,397,4,0
728,2024-09-11 14:00:00,1.1048499999999999,1.10529,1.1048499999999999,1.10495,420,4,0
729,2024-09-11 14:15:00,1.10497,1.1054599999999999,1.10488,1.10522,362,4,0
730,2024-09-11 14:30:00,1.10521,1.10525,1.10478,1.10482,408,3,0
731,2024-09-11 14:45:00,1.10483,1.10507,1.10426,1.10434,471,4,0
732,2024-09-11 15:00:00,1.10433,1.10435,1.10396,1.1042,540,4,0
733,2024-09-11 15:15:00,1.10422,1.10487,1.10407,1.1042,577,3,0
734,2024-09-11 15:30:00,1.10419,1.10419,1.10067,1.10086,1585,3,0
735,2024-09-11 15:45:00,1.10095,1.10216,1.10033,1.10161,1257,3,0
736,2024-09-11 16:00:00,1.10164,1.1025800000000001,1.10125,1.10237,986,3,0
737,2024-09-11 16:15:00,1.10235,1.10261,1.10156,1.10158,915,3,0
738,2024-09-11 16:30:00,1.10158,1.10211,1.10131,1.10198,938,3,0
739,2024-09-11 16:45:00,1.10199,1.10202,1.10097,1.10128,916,3,0
740,2024-09-11 17:00:00,1.10127,1.10137,1.10055,1.10125,1011,3,0
741,2024-09-11 17:15:00,1.10126,1.10151,1.10045,1.1008499999999999,905,3,0
742,2024-09-11 17:30:00,1.1008499999999999,1.10089,1.10019,1.10043,841,3,0
743,2024-09-11 17:45:00,1.10047,1.10112,1.10018,1.10101,959,3,0
744,2024-09-11 18:00:00,1.10101,1.10163,1.1007500000000001,1.10162,905,3,0
745,2024-09-11 18:15:00,1.10163,1.10163,1.10094,1.1013600000000001,696,3,0
746,2024-09-11 18:30:00,1.1013600000000001,1.10154,1.10108,1.10131,479,3,0
747,2024-09-11 18:45:00,1.10132,1.10152,1.10103,1.10119,548,4,0
748,2024-09-11 19:00:00,1.10113,1.10176,1.10097,1.10156,583,3,0
749,2024-09-11 19:15:00,1.10156,1.10173,1.10115,1.10122,455,4,0
750,2024-09-11 19:30:00,1.10122,1.10157,1.101,1.10157,505,4,0
751,2024-09-11 19:45:00,1.10157,1.10169,1.10129,1.10157,479,4,0
752,2024-09-11 20:00:00,1.10157,1.10202,1.10153,1.10176,584,3,0
753,2024-09-11 20:15:00,1.10176,1.10204,1.10156,1.10162,525,4,0
754,2024-09-11 20:30:00,1.10161,1.1019,1.10151,1.10176,505,4,0
755,2024-09-11 20:45:00,1.10176,1.1020699999999999,1.10171,1.10184,444,4,0
756,2024-09-11 21:00:00,1.10185,1.10209,1.1018,1.10199,352,4,0
757,2024-09-11 21:15:00,1.10198,1.1020699999999999,1.10187,1.10199,386,4,0
758,2024-09-11 21:30:00,1.10202,1.10226,1.10187,1.1022,314,4,0
759,2024-09-11 21:45:00,1.10222,1.10222,1.10179,1.10181,323,4,0
760,2024-09-11 22:00:00,1.10181,1.10232,1.10178,1.10229,266,3,0
761,2024-09-11 22:15:00,1.10229,1.10262,1.10224,1.10243,428,3,0
762,2024-09-11 22:30:00,1.10242,1.10243,1.10158,1.10171,360,3,0
763,2024-09-11 22:45:00,1.10171,1.10198,1.10161,1.10174,409,4,0
764,2024-09-11 23:00:00,1.10174,1.1018,1.10152,1.10157,258,4,0
765,2024-09-11 23:15:00,1.10154,1.10164,1.10144,1.10152,149,4,0
766,2024-09-11 23:30:00,1.10152,1.10158,1.10143,1.1014599999999999,128,4,0
767,2024-09-11 23:45:00,1.10147,1.10149,1.10103,1.10114,156,4,0
768,2024-09-12 00:00:00,1.101,1.10139,1.10069,1.10122,69,14,0
769,2024-09-12 00:15:00,1.10139,1.1014,1.10117,1.10133,53,4,0
770,2024-09-12 00:30:00,1.10133,1.10138,1.10133,1.10138,27,4,0
771,2024-09-12 00:45:00,1.10138,1.10139,1.10124,1.10134,60,3,0
772,2024-09-12 01:00:00,1.1013,1.1015,1.10123,1.10144,88,4,0
773,2024-09-12 01:15:00,1.10144,1.10145,1.10126,1.10127,82,4,0
774,2024-09-12 01:30:00,1.10127,1.10127,1.10116,1.10116,89,4,0
775,2024-09-12 01:45:00,1.10116,1.10127,1.10111,1.10121,76,4,0
776,2024-09-12 02:00:00,1.10121,1.10127,1.10109,1.1011,101,3,0
777,2024-09-12 02:15:00,1.10111,1.10118,1.10106,1.10106,114,4,0
778,2024-09-12 02:30:00,1.10108,1.10125,1.10106,1.10114,121,4,0
779,2024-09-12 02:45:00,1.10114,1.1012,1.10101,1.10101,121,4,0
780,2024-09-12 03:00:00,1.101,1.10116,1.10089,1.10092,295,4,0
781,2024-09-12 03:15:00,1.10092,1.10095,1.10069,1.10081,213,4,0
782,2024-09-12 03:30:00,1.10081,1.10086,1.1007,1.1007500000000001,175,4,0
783,2024-09-12 03:45:00,1.1007500000000001,1.10087,1.10059,1.10066,239,4,0
784,2024-09-12 04:00:00,1.10066,1.10102,1.10065,1.10091,317,4,0
785,2024-09-12 04:15:00,1.10091,1.10101,1.10081,1.10091,214,4,0
786,2024-09-12 04:30:00,1.10091,1.10125,1.10086,1.10123,196,4,0
787,2024-09-12 04:45:00,1.10122,1.10127,1.10107,1.1011,196,4,0
788,2024-09-12 05:00:00,1.10111,1.10116,1.10073,1.10079,226,4,0
789,2024-09-12 05:15:00,1.1008,1.10103,1.10079,1.10102,207,4,0
790,2024-09-12 05:30:00,1.10103,1.10117,1.10102,1.10114,194,4,0
791,2024-09-12 05:45:00,1.10114,1.10123,1.10091,1.10097,194,4,0
792,2024-09-12 06:00:00,1.10097,1.10125,1.10096,1.10116,166,4,0
793,2024-09-12 06:15:00,1.10116,1.10137,1.10114,1.10132,148,4,0
794,2024-09-12 06:30:00,1.10132,1.1013600000000001,1.10125,1.10127,147,4,0
795,2024-09-12 06:45:00,1.10127,1.1014,1.10126,1.10135,112,4,0
796,2024-09-12 07:00:00,1.10135,1.10154,1.10135,1.1015,149,4,0
797,2024-09-12 07:15:00,1.1015,1.10163,1.1014599999999999,1.10157,136,4,0
798,2024-09-12 07:30:00,1.10157,1.10157,1.10143,1.10156,97,4,0
799,2024-09-12 07:45:00,1.10156,1.10167,1.10155,1.10162,114,4,0
800,2024-09-12 08:00:00,1.10162,1.10168,1.10152,1.10167,165,4,0
801,2024-09-12 08:15:00,1.10167,1.10167,1.10153,1.10164,126,0,0
802,2024-09-12 08:30:00,1.10166,1.10183,1.10163,1.10172,151,4,0
803,2024-09-12 08:45:00,1.10173,1.10218,1.10172,1.10218,240,4,0
804,2024-09-12 09:00:00,1.10216,1.10216,1.10174,1.10204,350,4,0
805,2024-09-12 09:15:00,1.10204,1.10238,1.10182,1.10184,337,4,0
806,2024-09-12 09:30:00,1.10184,1.10203,1.10171,1.1018,302,4,0
807,2024-09-12 09:45:00,1.1018,1.10182,1.10076,1.10079,512,3,0
808,2024-09-12 10:00:00,1.1008,1.10116,1.10064,1.10102,616,4,0
809,2024-09-12 10:15:00,1.101,1.10137,1.10059,1.10135,474,4,0
810,2024-09-12 10:30:00,1.1013600000000001,1.10157,1.10121,1.10127,453,3,0
811,2024-09-12 10:45:00,1.10127,1.10131,1.10072,1.10076,476,4,0
812,2024-09-12 11:00:00,1.10076,1.10111,1.10054,1.10103,516,3,0
813,2024-09-12 11:15:00,1.10103,1.10177,1.10064,1.1017,480,4,0
814,2024-09-12 11:30:00,1.1017,1.10217,1.10155,1.1020699999999999,405,4,0
815,2024-09-12 11:45:00,1.1020699999999999,1.10211,1.10138,1.10154,363,4,0
816,2024-09-12 12:00:00,1.10155,1.10193,1.10155,1.10191,394,4,0
817,2024-09-12 12:15:00,1.1019,1.10199,1.10161,1.1018,355,4,0
818,2024-09-12 12:30:00,1.10184,1.10198,1.10159,1.1017,356,3,0
819,2024-09-12 12:45:00,1.1017,1.1018,1.10127,1.10144,380,4,0
820,2024-09-12 13:00:00,1.10144,1.10186,1.10144,1.10186,309,4,0
821,2024-09-12 13:15:00,1.10186,1.1019700000000001,1.1017,1.10183,393,4,0
822,2024-09-12 13:30:00,1.10183,1.10214,1.10168,1.10214,277,4,0
823,2024-09-12 13:45:00,1.10213,1.10233,1.10195,1.10217,356,4,0
824,2024-09-12 14:00:00,1.10217,1.10227,1.10182,1.10186,354,4,0
825,2024-09-12 14:15:00,1.10186,1.1020699999999999,1.1017,1.10192,315,4,0
826,2024-09-12 14:30:00,1.10192,1.10232,1.1017,1.10182,374,4,0
827,2024-09-12 14:45:00,1.10182,1.10185,1.10129,1.1013600000000001,443,4,0
828,2024-09-12 15:00:00,1.10135,1.10175,1.10109,1.10123,528,4,0
829,2024-09-12 15:15:00,1.10099,1.10264,1.10099,1.10195,830,3,0
830,2024-09-12 15:30:00,1.10181,1.10301,1.10111,1.10225,1207,3,0
831,2024-09-12 15:45:00,1.10225,1.10322,1.10216,1.10249,906,3,0
832,2024-09-12 16:00:00,1.10249,1.10407,1.10247,1.1034,911,3,0
833,2024-09-12 16:15:00,1.10339,1.10394,1.10265,1.10393,885,3,0
834,2024-09-12 16:30:00,1.10392,1.10401,1.10297,1.10375,859,3,0
835,2024-09-12 16:45:00,1.10375,1.10397,1.10351,1.10373,843,3,0
836,2024-09-12 17:00:00,1.10366,1.1038000000000001,1.10322,1.10353,800,3,0
837,2024-09-12 17:15:00,1.10354,1.10395,1.10325,1.10366,700,3,0
838,2024-09-12 17:30:00,1.10366,1.10412,1.10297,1.10402,722,4,0
839,2024-09-12 17:45:00,1.10401,1.1047,1.10375,1.10398,799,3,0
840,2024-09-12 18:00:00,1.10397,1.10402,1.10359,1.10366,601,3,0
841,2024-09-12 18:15:00,1.10366,1.10366,1.10306,1.10342,565,3,0
842,2024-09-12 18:30:00,1.10341,1.1039,1.10334,1.10371,467,4,0
843,2024-09-12 18:45:00,1.1037,1.10426,1.10346,1.104,499,3,0
844,2024-09-12 19:00:00,1.104,1.10476,1.10399,1.1044,484,3,0
845,2024-09-12 19:15:00,1.1044,1.10479,1.10415,1.10416,475,3,0
846,2024-09-12 19:30:00,1.10417,1.10428,1.10369,1.10383,347,4,0
847,2024-09-12 19:45:00,1.10383,1.10477,1.10377,1.10458,430,3,0
848,2024-09-12 20:00:00,1.10461,1.10508,1.1045,1.10463,595,3,0
849,2024-09-12 20:15:00,1.10466,1.10484,1.10431,1.10464,507,4,0
850,2024-09-12 20:30:00,1.10462,1.10473,1.1042399999999999,1.10439,444,4,0
851,2024-09-12 20:45:00,1.10439,1.10566,1.1042399999999999,1.10562,466,3,0
852,2024-09-12 21:00:00,1.10562,1.10562,1.10511,1.1055,518,3,0
853,2024-09-12 21:15:00,1.10549,1.10611,1.10549,1.106,581,4,0
854,2024-09-12 21:30:00,1.10599,1.10619,1.1058,1.10586,496,3,0
855,2024-09-12 21:45:00,1.10586,1.10622,1.10581,1.10606,543,4,0
856,2024-09-12 22:00:00,1.10606,1.10656,1.10598,1.10642,478,3,0
857,2024-09-12 22:15:00,1.10642,1.10657,1.10632,1.10653,470,4,0
858,2024-09-12 22:30:00,1.10653,1.10715,1.10653,1.10697,412,4,0
859,2024-09-12 22:45:00,1.10697,1.10703,1.10666,1.10702,483,4,0
860,2024-09-12 23:00:00,1.10701,1.10717,1.10683,1.10715,253,4,0
861,2024-09-12 23:15:00,1.10715,1.10749,1.10709,1.10743,190,3,0
862,2024-09-12 23:30:00,1.10743,1.10747,1.10724,1.10746,119,4,0
863,2024-09-12 23:45:00,1.10746,1.10748,1.10725,1.10737,249,4,0
864,2024-09-13 00:00:00,1.10734,1.10742,1.10684,1.10724,79,11,0
865,2024-09-13 00:15:00,1.10727,1.10727,1.10724,1.10727,19,9,0
866,2024-09-13 00:30:00,1.10727,1.10739,1.10727,1.10734,31,4,0
867,2024-09-13 00:45:00,1.10734,1.10744,1.1072899999999999,1.10739,30,4,0
868,2024-09-13 01:00:00,1.10739,1.10748,1.1072,1.1072899999999999,106,4,0
869,2024-09-13 01:15:00,1.1072899999999999,1.1072899999999999,1.10703,1.10711,128,4,0
870,2024-09-13 01:30:00,1.10711,1.10742,1.10709,1.10737,174,3,0
871,2024-09-13 01:45:00,1.10738,1.10739,1.10717,1.10717,118,4,0
872,2024-09-13 02:00:00,1.10718,1.10755,1.10715,1.10749,242,4,0
873,2024-09-13 02:15:00,1.10749,1.10758,1.10742,1.1075,150,4,0
874,2024-09-13 02:30:00,1.1075,1.10755,1.10736,1.10753,123,4,0
875,2024-09-13 02:45:00,1.10753,1.1078999999999999,1.10753,1.10788,250,4,0
876,2024-09-13 03:00:00,1.10788,1.10829,1.10774,1.10821,344,4,0
877,2024-09-13 03:15:00,1.10822,1.1084100000000001,1.10815,1.10824,291,4,0
878,2024-09-13 03:30:00,1.10824,1.1086,1.10803,1.10859,305,4,0
879,2024-09-13 03:45:00,1.10859,1.10872,1.1084100000000001,1.10869,291,3,0
880,2024-09-13 04:00:00,1.10869,1.10887,1.10863,1.10868,358,4,0
881,2024-09-13 04:15:00,1.10868,1.10882,1.10838,1.10846,271,4,0
882,2024-09-13 04:30:00,1.10846,1.10856,1.10811,1.10815,277,4,0
883,2024-09-13 04:45:00,1.10815,1.10818,1.10801,1.10815,234,4,0
884,2024-09-13 05:00:00,1.10816,1.10881,1.10792,1.10878,348,4,0
885,2024-09-13 05:15:00,1.10881,1.10897,1.1087,1.10885,288,4,0
886,2024-09-13 05:30:00,1.10885,1.10891,1.10854,1.10857,272,4,0
887,2024-09-13 05:45:00,1.10857,1.10884,1.10852,1.10867,280,4,0
888,2024-09-13 06:00:00,1.10866,1.10867,1.1084,1.10862,283,4,0
889,2024-09-13 06:15:00,1.10862,1.10885,1.1084,1.10881,200,4,0
890,2024-09-13 06:30:00,1.10883,1.109,1.10858,1.10862,174,4,0
891,2024-09-13 06:45:00,1.10861,1.10871,1.10853,1.10868,135,4,0
892,2024-09-13 07:00:00,1.10868,1.1088,1.1086,1.10865,164,4,0
893,2024-09-13 07:15:00,1.10865,1.10869,1.10859,1.1086,149,4,0
894,2024-09-13 07:30:00,1.1086,1.10883,1.1085099999999999,1.1085099999999999,144,4,0
895,2024-09-13 07:45:00,1.1085099999999999,1.10865,1.1084,1.10844,188,4,0
896,2024-09-13 08:00:00,1.10842,1.10845,1.10825,1.10826,222,4,0
897,2024-09-13 08:15:00,1.10826,1.10845,1.10821,1.10832,141,4,0
898,2024-09-13 08:30:00,1.10832,1.1086,1.10829,1.10853,215,4,0
899,2024-09-13 08:45:00,1.10853,1.10854,1.10814,1.10827,308,4,0
900,2024-09-13 09:00:00,1.10824,1.10845,1.108,1.108,476,3,0
901,2024-09-13 09:15:00,1.108,1.10806,1.10749,1.10759,398,4,0
902,2024-09-13 09:30:00,1.10759,1.10787,1.10744,1.10774,430,4,0
903,2024-09-13 09:45:00,1.10775,1.10795,1.10746,1.10789,420,4,0
904,2024-09-13 10:00:00,1.10787,1.10796,1.10742,1.10747,583,4,0
905,2024-09-13 10:15:00,1.10746,1.10819,1.1073,1.10813,477,4,0
906,2024-09-13 10:30:00,1.10815,1.1087,1.10811,1.10868,457,3,0
907,2024-09-13 10:45:00,1.10868,1.10937,1.10842,1.10923,517,4,0
908,2024-09-13 11:00:00,1.10922,1.10931,1.10899,1.1091,466,4,0
909,2024-09-13 11:15:00,1.1091,1.10932,1.10876,1.10897,508,4,0
910,2024-09-13 11:30:00,1.10897,1.10922,1.10857,1.10862,441,4,0
911,2024-09-13 11:45:00,1.10862,1.10937,1.10862,1.10926,396,4,0
912,2024-09-13 12:00:00,1.10926,1.10942,1.10881,1.10906,493,4,0
913,2024-09-13 12:15:00,1.10905,1.10964,1.10883,1.10948,452,4,0
914,2024-09-13 12:30:00,1.1095,1.11001,1.10932,1.10992,518,4,0
915,2024-09-13 12:45:00,1.10992,1.11007,1.1091,1.10919,468,3,0
916,2024-09-13 13:00:00,1.10913,1.10931,1.1088,1.1090200000000001,428,4,0
917,2024-09-13 13:15:00,1.10903,1.10923,1.10888,1.10923,386,4,0
918,2024-09-13 13:30:00,1.10923,1.1097299999999999,1.10891,1.10965,400,4,0
919,2024-09-13 13:45:00,1.10965,1.10965,1.10867,1.1090200000000001,508,4,0
920,2024-09-13 14:00:00,1.10904,1.1093,1.10878,1.10908,483,4,0
921,2024-09-13 14:15:00,1.10909,1.10909,1.10867,1.10872,461,4,0
922,2024-09-13 14:30:00,1.10872,1.10891,1.10824,1.10835,411,4,0
923,2024-09-13 14:45:00,1.10833,1.10852,1.10811,1.1084100000000001,467,3,0
924,2024-09-13 15:00:00,1.10842,1.1085099999999999,1.10792,1.10845,638,3,0
925,2024-09-13 15:15:00,1.10848,1.10882,1.10829,1.10839,581,4,0
926,2024-09-13 15:30:00,1.1084,1.10895,1.10807,1.10864,745,3,0
927,2024-09-13 15:45:00,1.10866,1.10933,1.10826,1.10929,634,4,0
928,2024-09-13 16:00:00,1.10928,1.11016,1.10922,1.1099,677,3,0
929,2024-09-13 16:15:00,1.10992,1.10995,1.10916,1.10932,745,3,0
930,2024-09-13 16:30:00,1.10934,1.10959,1.10908,1.10913,783,3,0
931,2024-09-13 16:45:00,1.1091,1.10954,1.10879,1.10946,752,3,0
932,2024-09-13 17:00:00,1.10942,1.10951,1.10855,1.10907,932,3,0
933,2024-09-13 17:15:00,1.10904,1.1094,1.10869,1.10907,817,3,0
934,2024-09-13 17:30:00,1.10907,1.10942,1.10877,1.10932,756,3,0
935,2024-09-13 17:45:00,1.10929,1.10932,1.10843,1.10888,792,4,0
936,2024-09-13 18:00:00,1.1089,1.10917,1.10854,1.10865,682,4,0
937,2024-09-13 18:15:00,1.10866,1.10899,1.10835,1.10873,572,4,0
938,2024-09-13 18:30:00,1.10873,1.10878,1.10824,1.1083,457,4,0
939,2024-09-13 18:45:00,1.10831,1.10863,1.10819,1.10843,399,3,0
940,2024-09-13 19:00:00,1.10844,1.10849,1.10785,1.1081,527,3,0
941,2024-09-13 19:15:00,1.10813,1.10833,1.10785,1.1082,551,3,0
942,2024-09-13 19:30:00,1.10822,1.10822,1.10768,1.10772,413,3,0
943,2024-09-13 19:45:00,1.10772,1.10838,1.10769,1.10838,348,4,0
944,2024-09-13 20:00:00,1.10838,1.10857,1.10813,1.10828,421,4,0
945,2024-09-13 20:15:00,1.10828,1.10848,1.10819,1.10833,335,4,0
946,2024-09-13 20:30:00,1.10833,1.1084100000000001,1.10808,1.10818,258,3,0
947,2024-09-13 20:45:00,1.10818,1.10826,1.10801,1.10815,293,3,0
948,2024-09-13 21:00:00,1.10815,1.10832,1.10804,1.1083,339,4,0
949,2024-09-13 21:15:00,1.10831,1.10844,1.10815,1.10834,312,4,0
950,2024-09-13 21:30:00,1.10835,1.10835,1.10801,1.10811,269,4,0
951,2024-09-13 21:45:00,1.10807,1.10814,1.10765,1.1078000000000001,377,4,0
952,2024-09-13 22:00:00,1.10778,1.10781,1.1076,1.1078000000000001,330,4,0
953,2024-09-13 22:15:00,1.1078000000000001,1.10812,1.1078000000000001,1.108,259,4,0
954,2024-09-13 22:30:00,1.10799,1.10802,1.10773,1.10774,247,4,0
955,2024-09-13 22:45:00,1.10773,1.10781,1.10764,1.10777,258,4,0
956,2024-09-13 23:00:00,1.10777,1.10782,1.1076,1.10762,210,4,0
957,2024-09-13 23:15:00,1.10763,1.10771,1.10743,1.1075,119,4,0
958,2024-09-13 23:30:00,1.1075,1.10757,1.10732,1.10733,135,3,0
959,2024-09-13 23:45:00,1.10733,1.10753,1.10727,1.10753,216,2,0
