,time,open,high,low,close,tick_volume,spread,real_volume
0,2024-11-22 16:30:00,1.04115,1.04257,1.04024,1.04048,3320,0,0
1,2024-11-22 17:00:00,1.04045,1.04202,1.03951,1.04127,3705,0,0
2,2024-11-22 17:30:00,1.04127,1.04183,1.04016,1.04107,3168,0,0
3,2024-11-22 18:00:00,1.04107,1.04119,1.0392,1.03956,2396,0,0
4,2024-11-22 18:30:00,1.03956,1.03999,1.03936,1.03984,1312,0,0
5,2024-11-22 19:00:00,1.03984,1.04101,1.03983,1.04093,1368,0,0
6,2024-11-22 19:30:00,1.04093,1.04205,1.04082,1.0419100000000001,1048,0,0
7,2024-11-22 20:00:00,1.0419,1.04254,1.04186,1.04206,1101,0,0
8,2024-11-22 20:30:00,1.04206,1.04228,1.04149,1.04167,1187,0,0
9,2024-11-22 21:00:00,1.04167,1.0419,1.04138,1.04148,818,0,0
10,2024-11-22 21:30:00,1.04148,1.04148,1.04087,1.04109,861,0,0
11,2024-11-22 22:00:00,1.04109,1.04148,1.04081,1.04145,910,0,0
12,2024-11-22 22:30:00,1.04145,1.04176,1.04129,1.04145,923,0,0
13,2024-11-22 23:00:00,1.04146,1.04179,1.04134,1.04177,626,0,0
14,2024-11-22 23:30:00,1.04176,1.04205,1.04144,1.04193,419,0,0
15,2024-11-25 00:00:00,1.04811,1.04817,1.04624,1.04665,713,17,0
16,2024-11-25 00:30:00,1.04665,1.04814,1.0466,1.04811,1307,17,0
17,2024-11-25 01:00:00,1.04811,1.05012,1.04638,1.04984,1719,0,0
18,2024-11-25 01:30:00,1.04985,1.05011,1.04766,1.04795,1610,0,0
19,2024-11-25 02:00:00,1.04794,1.0485,1.04737,1.04777,1569,0,0
20,2024-11-25 02:30:00,1.04775,1.04849,1.04747,1.04812,1259,0,0
21,2024-11-25 03:00:00,1.04805,1.04876,1.04741,1.0487,1429,0,0
22,2024-11-25 03:30:00,1.04871,1.04901,1.04762,1.04779,1492,0,0
23,2024-11-25 04:00:00,1.04778,1.0485,1.04745,1.04845,970,0,0
24,2024-11-25 04:30:00,1.04846,1.04894,1.04838,1.04871,1101,0,0
25,2024-11-25 05:00:00,1.04869,1.04883,1.04815,1.04839,972,0,0
26,2024-11-25 05:30:00,1.04833,1.04855,1.04757,1.04779,888,0,0
27,2024-11-25 06:00:00,1.04778,1.048,1.04746,1.04785,691,0,0
28,2024-11-25 06:30:00,1.04784,1.04811,1.04768,1.04793,527,0,0
29,2024-11-25 07:00:00,1.04795,1.04831,1.04753,1.0478,710,0,0
30,2024-11-25 07:30:00,1.04779,1.04807,1.04765,1.04793,747,0,0
31,2024-11-25 08:00:00,1.04791,1.04891,1.04749,1.04871,1203,0,0
32,2024-11-25 08:30:00,1.04871,1.04896,1.04822,1.04836,1028,0,0
33,2024-11-25 09:00:00,1.04832,1.04838,1.04695,1.04707,1567,0,0
34,2024-11-25 09:30:00,1.04706,1.0471,1.04498,1.04506,1646,0,0
35,2024-11-25 10:00:00,1.04509,1.04595,1.04489,1.04535,2425,0,0
36,2024-11-25 10:30:00,1.04535,1.04672,1.04508,1.04655,2007,0,0
37,2024-11-25 11:00:00,1.04655,1.04871,1.04632,1.04745,2636,0,0
38,2024-11-25 11:30:00,1.04745,1.04972,1.04741,1.04896,1934,0,0
39,2024-11-25 12:00:00,1.04895,1.04943,1.04856,1.04907,1772,0,0
40,2024-11-25 12:30:00,1.04908,1.04969,1.04836,1.04861,1465,0,0
41,2024-11-25 13:00:00,1.0486,1.04905,1.04803,1.04832,1103,0,0
42,2024-11-25 13:30:00,1.04832,1.04848,1.04751,1.04795,1330,0,0
43,2024-11-25 14:00:00,1.04794,1.04839,1.04741,1.04759,1442,0,0
44,2024-11-25 14:30:00,1.04759,1.04934,1.04754,1.04887,1533,0,0
45,2024-11-25 15:00:00,1.04887,1.05256,1.04885,1.05207,2786,0,0
46,2024-11-25 15:30:00,1.05208,1.05303,1.05143,1.05285,2836,0,0
47,2024-11-25 16:00:00,1.05285,1.05303,1.05155,1.05252,3016,0,0
48,2024-11-25 16:30:00,1.05253,1.05282,1.05045,1.0508,2859,0,0
49,2024-11-25 17:00:00,1.05081,1.0515,1.04862,1.05135,2302,0,0
50,2024-11-25 17:30:00,1.05136,1.05192,1.04862,1.04887,2802,0,0
51,2024-11-25 18:00:00,1.04886,1.04947,1.04811,1.04848,2384,0,0
52,2024-11-25 18:30:00,1.04849,1.04884,1.04668,1.04777,1922,0,0
53,2024-11-25 19:00:00,1.04777,1.04793,1.0469,1.04751,1567,0,0
54,2024-11-25 19:30:00,1.04751,1.04873,1.04751,1.04862,1049,0,0
55,2024-11-25 20:00:00,1.04862,1.04982,1.0486,1.04966,1388,0,0
56,2024-11-25 20:30:00,1.04966,1.0508,1.04966,1.05075,1083,0,0
57,2024-11-25 21:00:00,1.05075,1.05107,1.05055,1.05093,892,0,0
58,2024-11-25 21:30:00,1.05093,1.05098,1.05014,1.05056,793,0,0
59,2024-11-25 22:00:00,1.05056,1.05094,1.0501,1.05032,689,0,0
60,2024-11-25 22:30:00,1.05032,1.05038,1.04919,1.04924,939,0,0
61,2024-11-25 23:00:00,1.04924,1.04972,1.04921,1.04938,585,0,0
62,2024-11-25 23:30:00,1.04938,1.04965,1.0492,1.04959,674,0,0
63,2024-11-26 00:00:00,1.04932,1.04962,1.04779,1.04948,280,9,0
64,2024-11-26 00:30:00,1.04945,1.04961,1.04939,1.04951,525,14,0
65,2024-11-26 01:00:00,1.04951,1.05008,1.04944,1.04973,356,0,0
66,2024-11-26 01:30:00,1.04973,1.04976,1.0443,1.04438,2523,0,0
67,2024-11-26 02:00:00,1.04438,1.04566,1.04251,1.04533,3164,0,0
68,2024-11-26 02:30:00,1.04532,1.04574,1.04334,1.0435,2048,0,0
69,2024-11-26 03:00:00,1.0435,1.04572,1.04304,1.04558,2619,0,0
70,2024-11-26 03:30:00,1.04558,1.04647,1.0451,1.04542,1732,0,0
71,2024-11-26 04:00:00,1.04541,1.04626,1.04512,1.04584,1182,0,0
72,2024-11-26 04:30:00,1.04584,1.04649,1.04534,1.04609,1215,0,0
73,2024-11-26 05:00:00,1.04609,1.04693,1.04586,1.0467,1074,0,0
74,2024-11-26 05:30:00,1.0467,1.04802,1.04661,1.0478,846,0,0
75,2024-11-26 06:00:00,1.0478,1.04906,1.04779,1.04841,915,0,0
76,2024-11-26 06:30:00,1.04842,1.04842,1.04768,1.04798,562,0,0
77,2024-11-26 07:00:00,1.04798,1.04815,1.04755,1.0476,631,0,0
78,2024-11-26 07:30:00,1.0476,1.0481,1.04742,1.04754,730,0,0
79,2024-11-26 08:00:00,1.04754,1.04836,1.04752,1.04784,968,0,0
80,2024-11-26 08:30:00,1.04784,1.04824,1.04742,1.0476,1013,0,0
81,2024-11-26 09:00:00,1.0476,1.04817,1.0472,1.04749,1894,0,0
82,2024-11-26 09:30:00,1.04749,1.04856,1.04721,1.04721,1863,0,0
83,2024-11-26 10:00:00,1.04721,1.04889,1.04701,1.04829,2381,0,0
84,2024-11-26 10:30:00,1.04829,1.04965,1.04782,1.04914,2110,0,0
85,2024-11-26 11:00:00,1.04914,1.05191,1.0491,1.04983,2615,0,0
86,2024-11-26 11:30:00,1.04983,1.05094,1.04924,1.05073,1909,0,0
87,2024-11-26 12:00:00,1.05073,1.0516,1.05057,1.05129,1670,0,0
88,2024-11-26 12:30:00,1.05129,1.05208,1.05091,1.05169,1351,0,0
89,2024-11-26 13:00:00,1.05169,1.05189,1.0505,1.05082,1343,0,0
90,2024-11-26 13:30:00,1.0508,1.05208,1.05065,1.05132,1423,0,0
91,2024-11-26 14:00:00,1.05132,1.05448,1.05101,1.05313,2619,0,0
92,2024-11-26 14:30:00,1.05313,1.05448,1.05225,1.0524,2444,0,0
93,2024-11-26 15:00:00,1.05237,1.05267,1.0501,1.05021,3061,0,0
94,2024-11-26 15:30:00,1.05021,1.05161,1.05003,1.05037,2354,0,0
95,2024-11-26 16:00:00,1.05037,1.05061,1.04897,1.04994,2341,0,0
96,2024-11-26 16:30:00,1.04994,1.05053,1.04923,1.05028,2652,0,0
97,2024-11-26 17:00:00,1.05028,1.051,1.04868,1.0487,2884,0,0
98,2024-11-26 17:30:00,1.0487,1.05016,1.04786,1.04796,2867,0,0
99,2024-11-26 18:00:00,1.04797,1.04861,1.04638,1.0464,1855,0,0
